name,bike_stands,available_bikes,lat,lon,arrondissement
14002 - RASPAIL QUINET,44,4,48.8391991672,2.32955509721,14.0
20503 - COURS DE VINCENNES PYRÉNÉES,21,3,48.84772496899999,2.40590731702,20.0
20011 - PYRÉNÉES-DAGORNO,21,0,48.85550135399999,2.405168520639999,20.0
31008 - VINCENNES (MONTREUIL),56,0,48.857702134000014,2.437368661289999,
43006 - MINIMES (VINCENNES),28,27,48.8414868563,2.43079345113,
21113 - PETIT (CLICHY),25,2,48.89934835379998,2.29662648341,
35006 - DELIZY (PANTIN),22,1,48.89633193170001,2.40908765273,
01007 - ETIENNE MARCEL,16,14,48.86356704709999,2.34770202114,1.0
21707 - PASTEUR (VANVES),24,0,48.82509932920001,2.29250033146,
20019 - MAQUIS DU VERCORS - PORTE DES LILAS,30,1,48.877336,2.408573,20.0
02020 - OPERA CASANOVA,20,5,48.86762307809999,2.3332685931,2.0
16022 - RUE JEAN BOLOGNE,17,0,48.8575668898,2.280027395309999,16.0
13010 - PLACE D ITALIE AURIOL,40,1,48.831582643800004,2.35670842076,13.0
13046 - OUDINE PATAY,44,10,48.8257129035,2.37504430009,13.0
19115 - PORTE DE LA VILLETTE,27,7,48.898490053099984,2.38612000821,19.0
19027 - SERRURIER,18,0,48.88060605359999,2.39789629061,19.0
33102 - JAURES 1 (PRE SAINT GERVAIS),18,3,48.88652698329998,2.407468689389999,
12128 - ROUTE DE LA PYRAMIDE- ECOLE DU BREUIL,33,32,48.82256,2.45877,12.0
14009 - COTY TOMBE D'ISSOIRE,36,1,48.8305559994,2.33378329803,14.0
16017 - RUE DE SIAM,16,0,48.86172032899998,2.27534656856,16.0
17110 - LEGENDRE,29,3,48.8877723254,2.32036786584,17.0
10114 - HOPITAL SAINT LOUIS,59,2,48.874794994799984,2.366669436980001,10.0
16018 - FLANDRIN,17,1,48.86441140949999,2.272448647650001,16.0
15051 - ROLLET,8,3,48.83598100449997,2.29346711913,15.0
09026 - BRUYERE PIGALLE,17,0,48.879398264499976,2.333709173339999,9.0
22006 - PIERRET (NEUILLY),25,2,48.88302665919999,2.26009698393,
16002 - PERGOLESE,38,0,48.87518496110002,2.28421943206,16.0
17041 - PORTE DE VILLIERS,39,0,48.88287775179999,2.28766737081,17.0
08102 - LAMENAIS WASHINGTON,26,1,48.87355533449997,2.30328866613,8.0
10113 - PARMENTIER LOUVEL-TESSIER,43,2,48.8713798743,2.36989638367,10.0
13048 - TOLBIAC WURTZ,28,3,48.8264943283,2.344301715869999,13.0
06003 - SAINT SULPICE,21,21,48.85164784809998,2.330817074390001,6.0
31702 - CURIE (BAGNOLET),50,0,48.87065801289999,2.424046437539999,
22002 - ARGENSON (NEUILLY),25,2,48.88864877360001,2.26390460269,
17101 - ALEXANDRE CHARPENTIER,23,1,48.88434112469998,2.28827375264,17.0
12110 - BARON LE ROY TRUFFAUT,55,55,48.833708635099995,2.38855666622,12.0
15048 - OLIVIER DE SERRE,22,0,48.8305456694,2.2920463967,15.0
08056 - WAGRAM,11,1,48.87537764749999,2.29655534248,8.0
22010 - DE GAULLE 4 (NEUILLY),27,13,48.881674445999984,2.271177498920001,
16013 - AVENUE HENRI MARTIN,34,0,48.864076711699994,2.27688168701,16.0
43010 - JARRY (VINCENNES),25,6,48.84974495699999,2.45196030631,
14025 - JACQUIER,36,1,48.82957040469999,2.31835302141,14.0
09031 - PROVENCE,25,0,48.87428447540001,2.332976511560001,9.0
19103 - MANIN CARRIERES,20,1,48.88477085799998,2.392093119900001,19.0
15044 - J DUPRE,33,4,48.83026939029999,2.29600807609,15.0
15068 - BOULEVARD VICTOR,20,0,48.83817131019999,2.27033837975,15.0
08018 - SAINT AUGUSTIN,32,0,48.8762011622,2.31979392397,8.0
42016 - CURIE (IVRY),26,10,48.81584739280001,2.37694379547,
31701 - BERTON (BAGNOLET),28,2,48.868453299,2.41781693474,
22402 - JAURES (MALAKOFF),50,2,48.821460079800005,2.30289945997,
21105 - MORICE (CLICHY),24,4,48.90261519379999,2.3133206365,
08009 - SAINT LAZARE RER,28,13,48.874808025000014,2.32648148622,8.0
19120 - ALOUETTES,27,0,48.877516256899995,2.38609972037,19.0
42505 - FREROT (GENTILLY),30,25,48.815768792,2.35047619893,
20038 - LEON FRAPIE,19,0,48.873549035099984,2.411003035879999,20.0
13044 - PLACE JEANNE D'ARC,36,6,48.82957572679998,2.369126815720001,13.0
12122 - POLYGONE,50,37,48.835444916200004,2.43142108144,12.0
05012 - ULM - LHOMOND,15,0,48.84514349399998,2.34541268121,5.0
09006 - TRUDAINE ROCHECHOUART,16,0,48.8821076344,2.34626199854,9.0
22004 - CHARLES DE GAULLE (NEUILLY),28,13,48.88470729339997,2.26153081999,
32601 - PARIS (LES LILAS),43,0,48.87859034879998,2.41189997789,
13020 - MENDES FRANCE,45,21,48.839084218299995,2.37053233099,13.0
13015 - CHEVALERET - LOUISE WEISS,38,33,48.8326516,2.3710347,13.0
09038 - SQUARE BERLIOZ,27,1,48.88320784119999,2.330849949030001,9.0
34008 - GARIBALDI (SAINT OUEN),25,20,48.9057350761,2.331497459790001,
15045 - PLAINE,36,1,48.8281749364,2.292587522549999,15.0
21020 - REPUBLIQUE 2 (BOULOGNE-BILLANCOURT),28,13,48.8319998154,2.253719988009999,
15118 - PLACE BIENVENUE,22,7,48.843198828099986,2.32225737728,15.0
12031 - LAME,36,34,48.835138050699996,2.38547848656,12.0
12024 - GARE DE BERCY,35,33,48.83976,2.38241,12.0
22011 - MONTROSIER (NEUILLY),25,4,48.8794413696,2.27853571712,
21018 - SEINE (BOULOGNE-BILLANCOURT),26,13,48.82824349419998,2.250657739639999,
13103 - SAINT MARCEL,50,4,48.8377276875,2.36046033648,13.0
17018 - MONCEAU,17,0,48.88116198359999,2.30951238051,17.0
33012 - LANDY (AUBERVILLIERS),30,0,48.915156182800004,2.37642400951,
07004 - RASPAIL VARENNE,36,15,48.8532616686,2.32631980638,7.0
09008 - TOUR D'AUVERGNE,17,0,48.87916177779998,2.34369843072,9.0
43007 - VORGES (VINCENNES),25,6,48.84825775269998,2.43989289939,
21204 - D'ORVES (MONTROUGE),31,3,48.81538822039998,2.320886790759999,
10024 - BUISSON SAINT LOUIS,18,3,48.87182588989998,2.37220322486,10.0
35003 - VAILLANT (PANTIN),20,17,48.90269161799998,2.39325582933,
08055 - TERNES COURCELLES,29,3,48.87818887639997,2.29929600386,8.0
14125 - DAREAU,24,1,48.830723214599985,2.3361465572,14.0
03013 - RUE DE SEVIGNE,14,14,48.85695414810001,2.36289742023,3.0
43008 - FONTENAY (VINCENNES),25,0,48.84779066449998,2.44469088783,
14027 - ALESIA GERGOVIE,36,1,48.83088717460001,2.318882101209999,14.0
35008 - LOLIVE 2 (PANTIN),30,8,48.89271966629999,2.41252957147,
01116 - OPÉRA PYRAMIDES,27,24,48.866810653299986,2.334388448249999,1.0
18041 - MARTYRS 2,20,0,48.882194204,2.34065184962,18.0
12041 - BOIS DE VINCENNES,58,57,48.833654852799995,2.41346357649,
32602 - POULMARCH (LES LILAS),27,1,48.8794000532,2.41616066183,
12028 - VIVALDI,27,2,48.84192366330001,2.38972897947,12.0
06021 - BONAPARTE BEAUX ARTS,19,2,48.856437409699986,2.33479762295,6.0
18034 - LEIBNITZ,41,2,48.896328348499985,2.33339042383,18.0
16130 - BOIS DE BOULOGNE / PORTE DE LA MUETTE 2,33,5,48.863757931000016,2.26750468357,16.0
42014 - CACHIN (IVRY),51,50,48.8141405375,2.39090936807,
16107 - GODARD,33,0,48.865983241,2.27572563573,16.0
14037 - JEAN MOULIN,33,3,48.82570981699999,2.32184998734,14.0
11027 - SAINT AMBROISE PARMENTIER,38,3,48.86213503850001,2.37722985857,11.0
05014 - CALVIN,28,6,48.841632708599995,2.34855201812,5.0
10153 - GARE DU NORD 3,20,2,48.87957771849998,2.354463131150001,10.0
43004 - MONTREUIL (VINCENNES),25,4,48.85041836679999,2.43451378622,
17019 - MALESHERBES,20,0,48.88260881639997,2.30902648734,17.0
41301 - CLEMENCEAU (NOGENT),50,25,48.83612584299999,2.47037545127,
05017 - DESCARTES,31,0,48.84660186579999,2.34901473289,5.0
11014 - NATION TRONE,27,5,48.848808,2.397406,11.0
02011 - BIBLIOTHEQUE NATIONALE,26,6,48.86829988919999,2.33808978228,2.0
09037 - CLICHY PARME,23,2,48.88126642419999,2.32819709345,9.0
02017 - CAIRE,40,21,48.86789,2.34925,2.0
42013 - BARBES (IVRY),24,2,48.815911096499995,2.36822972924,
14012 - SIBELLE ALESIA,24,2,48.826703941199995,2.338636324159999,14.0
08028 - HOUSSAYE,28,3,48.873434081399985,2.297706777980001,8.0
42202 - RONSARD (CHARENTON),23,18,48.82273601209999,2.40565920321,
42002 - GARE (IVRY),21,20,48.8149264672,2.392001635819999,
22403 - BROSSOLETTE (MALAKOFF),24,5,48.82183564789997,2.31345860825,
15046 - GEORGES BRASSENS,29,0,48.832207345199976,2.30232873769,15.0
14034 - RUE DE L OUEST CHATEAU,24,0,48.836172860099985,2.31939214392,14.0
32604 - KOCK (LES LILAS),28,1,48.881215427299985,2.420209155329999,
21001 - TRANSVAL (BOULOGNE-BILLANCOURT),26,3,48.84829980949999,2.237570110210001,
28002 - SOLJENITSYNE (PUTEAUX),60,5,48.884478,2.24772065,
13018 - AURIOL CHEVALERET,25,21,48.83484845289999,2.36682649963,13.0
13050 - QUAI PANHARD ET LEVASSOR,59,33,48.82836989379998,2.3844403546,13.0
09020 - TOUDOUZE CLAUZEL,21,0,48.87950526559999,2.337190639269999,9.0
12019 - GARE DE REUILLY,28,15,48.84257710049997,2.397249990599999,12.0
31704 - HORNET (BAGNOLET),28,0,48.8739292,2.42793357978,
21703 - MARTINIE (VANVES),24,0,48.82104992349999,2.29130063072,
44101 - PLACE MONGOLFIER (SAINT MAURICE),48,46,48.8150500062,2.459239414809999,
12038 - BEL AIR,39,6,48.839988788899994,2.40052566855,12.0
13009 - BLANQUI CORVISART,25,2,48.8299837107,2.35040358782,13.0
06008 - ASSAS LUXEMBOURG,33,1,48.84373446879998,2.33342838188,6.0
12130 - NOGENT - PORTE JAUNE,40,2,48.83884,2.46031,12.0
20042 - PYRENEES ERMITAGE,47,0,48.872157379899996,2.39173917378,20.0
20025 - GAMBETTA GATINES,24,2,48.8653941647,2.39781447531,20.0
20121 - MENILMONTANT BOYER,18,0,48.86891012739999,2.39202048929,20.0
15057 - BOSSOUTROT - MARTIAL VALIN,38,3,48.83654,2.27414,15.0
09027 - FONTAINE DOUAI,25,0,48.88235325979999,2.33326337275,9.0
15027 - GIDE,20,0,48.83656622440001,2.3127071211,15.0
18025 - MAIRIE DU 18 EME,39,0,48.89292565339999,2.34451792116,18.0
08015 - ROQUEPINE,44,27,48.8734861693,2.320281234209999,8.0
19039 - PAILLERON,24,1,48.87977524889999,2.37483435116,19.0
17037 - BAYEN PEREIRE,22,3,48.881830717499994,2.292140665829999,17.0
20122 - DAVOUT VITRUVE,22,0,48.860240121,2.40875842782,20.0
09001 - POISSONNIERE,17,0,48.87750146530001,2.34856937339,9.0
14112 - FAUBOURG SAINT JACQUES CASSINI,16,0,48.83586772099997,2.33798034198,14.0
03005 - TURBIGO SAINTE ELISABETH,33,7,48.86613722459998,2.35966114363,3.0
20028 - GAMBETTA MARTIN NADAUD,49,0,48.8651864128,2.39446858114,20.0
21209 - GEORGES MESSIER (MONTROUGE),30,2,48.811101837799995,2.31462974778,
05033 - SAINT SEVERIN,30,30,48.8527056477,2.34413776325,5.0
35002 - JAURES 2 (PANTIN),31,14,48.90722601269999,2.396129200449999,
22003 - BEFFROY (NEUILLY),25,10,48.88670498309998,2.26126351803,
20026 - PELLEPORT,33,0,48.867925153999984,2.40097662355,20.0
18015 - CUSTINE,41,0,48.8886197165,2.34701133583,18.0
21019 - VAILLANT (BOULOGNE-BILLANCOURT),28,19,48.83486081059997,2.24786255061,
42501 - RASPAIL 1 - FRAYSSE,30,25,48.81031545,2.34395871,
20022 - PORTE DE BAGNOLET,33,0,48.86508,2.40799,20.0
16012 - BOULEVARD FLANDRIN,42,1,48.868778491799986,2.27435453918,16.0
21112 - DEBUSSY (CLICHY),28,8,48.9104291257,2.311768175770001,
41604 - LAGNY (SAINT MANDE),30,1,48.84931182679998,2.41790976904,
10115 - DODU,27,0,48.87613733909998,2.36808449794,10.0
14022 - DIDOT-MARINIERS,35,1,48.826508,2.31311526,14.0
17027 - PEREIRE LEVALLOIS,51,2,48.88526331369998,2.2982864668,17.0
33013 - RECHAUSSIERE (AUBERVILLIERS),29,20,48.914506112799984,2.39105149688,
08101 - LONDRES AMSTERDAM,23,2,48.87803446149997,2.32648354097,8.0
11023 - LEO FROT ROQUETTE,46,32,48.858688774099996,2.383553994570001,11.0
20031 - DURIS,30,1,48.865540867099995,2.387724496160001,20.0
08027 - MAIRIE DU 8 ÈME,14,3,48.87798402749997,2.31840486278,8.0
21011 - SILLY (BOULOGNE BILLANCOURT),23,5,48.8322746602,2.23401640135,
21006 - PARIS (BOULOGNE-BILLANCOURT),26,22,48.84159702889998,2.23349677554,
19005 - RIQUET,20,1,48.88801328139999,2.37375959552,19.0
31013 - CENTENAIRE (MONTREUIL),45,5,48.85845965429999,2.42739031072,
14124 - PORTE D'ARCUEIL,24,0,48.821111770499975,2.333785290429999,14.0
34005 - LESENNE (SAINT OUEN),25,0,48.90255327819999,2.3482749363,
41202 - CHARMES (FONTENAY SOUS BOIS),65,2,48.84367434140001,2.46308263962,
18016 - FRANCOEUR CAULAINCOURT,32,0,48.8900229034,2.34245001268,18.0
17104 - GENERAL KOENIG,22,1,48.8817256597,2.28368266167,17.0
14020 - PORTE DE MONTROUGE,54,11,48.82121678969999,2.321173502140001,14.0
16021 - RUE FRANCOIS PONSARD,23,1,48.85842769659999,2.27430852414,16.0
16029 - MAISON DE RADIO FRANCE,45,45,48.85135991259998,2.27769726945,16.0
19015 - THIONVILLE,21,2,48.889154917599996,2.383375417279999,19.0
22407 - BARBUSSE (MALAKOFF),25,3,48.8146796589,2.28740045741,
31705 - CHAMPEAUX (BAGNOLET),50,1,48.864527820999974,2.41617072443,
10042 - POISSONNIÈRE - ENGHIEN,33,5,48.8724200631,2.34839523628,10.0
20027 - PORTE DE MENILMONTANT,15,1,48.869154360900005,2.40932246879,20.0
01028 - BERGER,55,0,48.8622255,2.3428337,1.0
09007 - CONDORCET,20,0,48.8798312251,2.345396338989999,9.0
15042 - FARMAN,21,2,48.83373383020003,2.27139647246,15.0
17011 - PORTE DE CLICHY FRAGONARD,54,2,48.89415138329999,2.31467800112,17.0
17050 - BATIGNOLLES,17,1,48.8831039046,2.32383474909,17.0
17039 - PLACE SAINT FERDINAND,38,3,48.8781552979,2.28851804786,17.0
21101 - VALITON (CLICHY),25,0,48.9024924515,2.29784000737,
20120 - NOISY LE SEC,30,0,48.87333822519998,2.41323987955,20.0
06001 - INSTITUT,17,11,48.857615678599984,2.33583135304,6.0
16104 - PAUL VALÉRY,34,2,48.871361039800014,2.28886639604,16.0
08026 - MESSINE,13,6,48.875457200199975,2.315465494580001,8.0
13106 - BOBILLOT MERY,24,1,48.829875372699995,2.35424653463,13.0
20030 - PERE LACHAISE,56,7,48.86341110739998,2.38713395757,20.0
14104 - LOSSERAND BOYER-BARRET,22,0,48.833139,2.317377,14.0
19106 - GARE EMGP,30,0,48.90162,2.37267,19.0
13111 - CIMETIERE DE GENTILLY,54,29,48.818574415799986,2.35326018374,13.0
18113 - LEPIC,22,0,48.88757307099998,2.33432733642,18.0
17028 - PORTE DE COURCELLE,36,4,48.888800020599994,2.29631993184,17.0
08033 - SAINT PHILIPPE DU ROULE,27,4,48.87278768079999,2.309722588930001,8.0
15011 - THEBAUD RUE DE CAMBRONNE,62,46,48.8458314196,2.301753086989999,15.0
14110 - ABBE CARTON,24,0,48.8277462661,2.32071409809,14.0
20112 - JOURDAIN,20,0,48.874092480899996,2.38943590833,20.0
17031 - PORTE DE CHAMPERET,27,0,48.88561741630001,2.29078141128,17.0
16031 - BOULAINVILLIERS,20,2,48.8561507434,2.275188414670001,16.0
35012 - CANDALE (PANTIN),25,3,48.88948584019999,2.41430751511,
09033 - HAVRE CAUMARTIN,51,28,48.87279501989999,2.32831574262,9.0
12102 - DIDEROT BERCY,30,22,48.846188001499996,2.37040616152,12.0
09010 - CADET,23,6,48.876719895099974,2.34439302185,9.0
20013 - PLACE DE LA REUNION,44,1,48.855355139999986,2.39972858969,20.0
20045 - LOUIS GANNE,30,0,48.863469641199984,2.40967010022,20.0
17040 - TERNES PEREIRE,46,0,48.879813218299994,2.28795645234,17.0
18012 - DOUDEAUVILLE STEPHENSON,36,0,48.88886489610001,2.35596672142,18.0
19016 - OURCQ,30,2,48.88639367939997,2.38654145444,19.0
14103 - MAINE LIANCOURT,27,0,48.835064364,2.32373144997,14.0
32603 - CALMETTE (LES LILAS),25,0,48.8811410157,2.424974243069999,
11039 - JULES FERRY REPUBLIQUE,36,7,48.86580427669999,2.36933707497,11.0
02001 - SEBASTOPOL-GRENATA,34,14,48.86524062170001,2.35166987369,2.0
00907 - PONT NEUF (STATION MOBILE),20,16,48.85832082449998,2.34240800142,1.0
42203 - ELUARD (CHARENTON),32,30,48.82040389399998,2.40840547216,
42011 - MARCEL BOYER (IVRY),29,23,48.8225048,2.3920678,
21208 - CARVES (MONTROUGE),30,4,48.81308091139997,2.31978793669,
31009 - DE GAULLE (MONTREUIL),26,0,48.8688123639,2.43297479522,
04011 - PLACE DU BATAILLON FRANCAIS DE L'ONU,36,32,48.8538141453,2.357092654360001,4.0
23011 - BINEAU (LEVALLOIS),25,2,48.88668137249998,2.284023691219999,
10026 - CHATEAU LANDON,59,4,48.879305,2.362424,10.0
06010 - MONTPARNASSE CHEVREUSE,15,0,48.84173916119999,2.33155221674,6.0
43003 - PARIS 2 (VINCENNES),26,2,48.8457199009,2.427406302760001,
19037 - PORTE DES LILAS,31,0,48.876603918899995,2.40476969113,20.0
13109 - BRILLAT SAVARIN,21,8,48.82220309629998,2.35042203291,13.0
11018 - SAINT MAUR AVENUE DE LA REPUBLIQUE,36,1,48.86421167469999,2.37825584151,11.0
06104 - HERSCHEL,37,7,48.84336424279999,2.33780343097,6.0
06005 - MONTPARNASSE,47,10,48.843295457,2.32654113413,6.0
17048 - TOCQUEVILLE,15,0,48.882402285399984,2.31400041122,17.0
15019 - VAUGIRARD CAMBRONNE,37,0,48.8400577188,2.304507420959999,15.0
15056 - BALARD,22,22,48.83653728950002,2.27871769702,15.0
32004 - BAILLY (SAINT DENIS),43,5,48.91519864239998,2.35750068369,
42701 - GIDE (LE KREMLIN BICETRE),30,0,48.80721112329998,2.353852672870001,
09018 - PLACE PIGALLE,34,0,48.88207022699998,2.33667963144,9.0
20108 - HOSPICE DEBROUSSE,22,2,48.86157295879998,2.40568863716,20.0
20004 - PORTE DE VINCENNES BIS,16,4,48.84706441749999,2.41602296002,20.0
16004 - BOULEVARD LANNES,70,3,48.870753284,2.27487529834,16.0
16001 - AVENUE DES PORTUGAIS,26,1,48.87121371219998,2.29369213365,16.0
07011 - ST DOMINIQUE,22,1,48.85906839499999,2.318624221129999,7.0
31003 - PARIS (MONTREUIL),30,6,48.854911332399986,2.418772429760001,
15016 - DUTOT,41,0,48.838312474599995,2.30853184382,15.0
28001 - WALLACE (PUTEAUX),30,20,48.8787068535,2.24197549369,
20037 - SAINT FARGEAU,24,0,48.87126591839998,2.403950752210001,20.0
21010 - SILLY (BOULOGNE-BILLANCOURT),25,2,48.83550440749998,2.23253143242,
15004 - VAUGIRARD PASTEUR,21,3,48.84059586740001,2.3153630382,15.0
17036 - AVENUE DE TERNES,27,2,48.87949288669998,2.29149818491,17.0
23002 - FRANCE (LEVALLOIS),50,0,48.898349851499994,2.27917948879,
02102 - SAINT MARC,37,2,48.870314764,2.341878566630001,2.0
22001 - CHATEAU (NEUILLY),25,5,48.8905119135,2.27016722527,
01005 - LES HALLES - SEBASTOPOL,33,32,48.861262069800006,2.34939999975,1.0
17010 - JONCQUIERE,35,4,48.89476862469999,2.318885353969999,17.0
32001 - PROUDHON (SAINT DENIS),33,3,48.90646937319998,2.35844205395,
08040 - CHAMPS ELYSEES CHARRON,32,1,48.87007033909998,2.30431544672,8.0
10019 - PARADIS,31,8,48.8750340562,2.35218489483,10.0
19045 - CANAL SAINT DENIS - BD MACDONALD,65,0,48.8988301928,2.3793301091,19.0
22404 - BROSSOLETTE 2 (MALAKOFF),25,0,48.817559753599994,2.30748584127,
15024 - LAOS,22,5,48.85091460819997,2.30129338467,15.0
19034 - PANTIN,46,2,48.890341955199986,2.39781364219,19.0
10022 - CHABROL SAINT QUENTIN,42,2,48.87686690579997,2.356119082989999,10.0
19108 - ROSA PARKS – GASTON TESSIER,37,9,48.89602059999998,2.3739464,19.0
10033 - LARIBOISIERE,24,0,48.88095574160001,2.35243051484,10.0
18048 - PORTE DE LA CHAPELLE,72,4,48.898385022699976,2.360877349229999,18.0
07102 - SAINTE CLOTHILDE,42,5,48.8578291107,2.319149052579999,7.0
11011 - RICHARD LENOIR,25,1,48.86180485209998,2.372651428269999,11.0
16006 - RUE LAURISTON,17,3,48.869260223699996,2.28991872284,16.0
16032 - EGLISE D AUTEUIL,20,0,48.8474984177,2.26848387135,16.0
10028 - GARE DU NORD DENAN,29,2,48.88037062099999,2.35282005703,10.0
12111 - DECAEN CANNEBIERE,27,14,48.83761417039999,2.3972537822,12.0
35013 - TELL (PANTIN),24,0,48.88948842,2.419848968730001,
17014 - PORTE DE CLICHY - AVENUE DE CLICHY,34,3,48.8967873959,2.310714419010001,17.0
08041 - CHAMPS ELYSEES LINCOLN,38,0,48.87069015789998,2.30322242397,8.0
12124 - PYRAMIDE ARTILLERIE,55,50,48.83904114589999,2.43765533908,12.0
14031 - DIDOT CHATEAU,22,3,48.8337,2.3215,14.0
08049 - DUNANT,22,0,48.87043780539999,2.30083026142,8.0
18037 - AMIRAUX,20,2,48.89454171579999,2.352295466779999,18.0
21309 - CRESSON 2 (ISSY LES MOULINEAUX),41,33,48.82371847769998,2.27225445406,
41103 - BRIAND (ARCUEIL),25,0,48.810423170099995,2.326969764619999,
15111 - SERRES,24,1,48.834658862799984,2.29578948032,15.0
07012 - CITE VANEAU,36,3,48.854268334099984,2.31945401006,7.0
15028 - DUPLEIX,69,24,48.85139672109999,2.29188931323,15.0
08031 - ROND POINT DES CHAMPS ELYSEES,33,16,48.869708848,2.31071465537,8.0
42201 - NECKER (CHARENTON),26,26,48.8239632523,2.39999842013,
03011 - TURBIGO,31,16,48.86558419109999,2.356278447629999,3.0
19028 - PLACE DES FETES,20,3,48.87646833969999,2.392284629789999,19.0
15036 - LAMBERT,47,41,48.84307638689999,2.295141413099999,15.0
10029 - PLACE DE ROUBAIX,23,1,48.88072668579998,2.3514643332,10.0
14033 - DAGUERRE GASSENDI,38,1,48.83568044419998,2.32829082205,14.0
19012 - LALLY TOLLENDAL,60,2,48.8827006442,2.374693388939999,19.0
17047 - COURCELLES - DEMOURES,26,1,48.88376973329998,2.29858466343,17.0
08054 - HOCHE ALBRECHT,32,8,48.87614039829998,2.30130313831,8.0
07009 - ASSEMBLEE NATIONALE,62,32,48.8613738909,2.3201312769,7.0
08034 - HAUSSMANN COURCELLES,34,3,48.87481039,2.30831406419,8.0
13005 - ARAGO CORDELIERE - VERSION 2,47,46,48.83548071900001,2.3485724617,13.0
10032 - DODU,32,5,48.87285913899998,2.37007170699,10.0
04002 - MARCHE AUX FLEURS,24,23,48.85525336079997,2.34735644764,4.0
14115 - CITÉ UNIVERSITAIRE,33,1,48.82392316850001,2.31657332932,14.0
17004 - LEGENDRE AVENUE DE CLICHY,22,0,48.8889616186,2.32252897509,17.0
17116 - REIMS,33,20,48.89183444819998,2.30014465995,17.0
20016 - PYRENEES VITRUVE,19,2,48.85712940040001,2.40442562518,20.0
15013 - LECOURBE VOLONTAIRE,31,1,48.843542735,2.30655861557,15.0
07001 - DUROC,45,4,48.847769856799964,2.31618388673,7.0
11111 - CHARONNE FROT,18,3,48.854963800299984,2.38721708537,11.0
18111 - FELIZ ZIEM,24,0,48.889496304899986,2.3333936588,18.0
16019 - HENRI MARTIN,36,3,48.8630253154,2.268806550199999,16.0
09108 - ROCHECHOUART MAUBEUGE,33,2,48.877890015,2.34478560299,9.0
12106 - BARTHES TROYES,69,54,48.8439491758,2.379081343430001,12.0
15025 - AMETTE,48,28,48.85145418209999,2.29671030093,15.0
05031 - LACEPEDE,55,13,48.84367484539999,2.354615982679999,5.0
20035 - PYRENEES,26,3,48.8694128912,2.395039981220001,20.0
19009 - CITE DES SCIENCES,30,14,48.896549059799995,2.38464964402,19.0
17044 - PORTE DE SAINT OUEN,42,1,48.8979224085,2.32851451022,17.0
07014 - SAINT FRANCOIS XAVIER,42,2,48.85167822899999,2.31463384063,7.0
03009 - TEMPLE 113,18,18,48.8615811577,2.35660934144,3.0
18001 - DAMREMONT CAULAINCOURT,18,0,48.88727464259997,2.33264836385,18.0
15108 - LOURMEL - MARIE SKOBTSOV,23,15,48.844974,2.287283,15.0
20023 - PELLEPORT BELGRAND,15,1,48.86500081850001,2.40398083638,20.0
42008 - CASANOVA (IVRY),25,25,48.81420628479999,2.38420701356,
18046 - FOURCHE,33,1,48.88794016389999,2.32612442031,18.0
19026 - DANUBE,16,0,48.8819531724,2.39249621665,19.0
14107 - PORTE DE MONTROUGE 2,33,1,48.823416300499986,2.322936857110001,14.0
15041 - LABROUSTE,36,0,48.83285390830001,2.306898478209999,15.0
17001 - GUY MOQUET,45,2,48.89282296299999,2.32680348983,17.0
20113 - PARC DE BELLEVILLE,21,0,48.87195626640001,2.38498139028,20.0
16101 - MALAKOFF,34,0,48.87669268740001,2.28345759338,16.0
15120 - AVIA,29,15,48.82968433009998,2.27534258685,15.0
20044 - DAVOUT VOLGA,27,1,48.85291968,2.41052290978,20.0
18017 - PECQUEUR,38,0,48.88967790499999,2.338178714430001,18.0
19044 - GRANDS MOULINS,50,1,48.8971300531,2.39607900821,19.0
20107 - STADE MARYSE HILSZ,23,0,48.8512852762,2.41273364163,20.0
16028 - MILLET - JEAN DE LA FONTAINE,66,28,48.85100487470001,2.272469482920001,16.0
16038 - RUE MOLITOR,34,2,48.84509712650001,2.2657241479,16.0
15113 - FALGUIERE ARSONVAL,25,4,48.840400403699974,2.3131178673,15.0
17046 - MAC MAHON,25,4,48.87753208409999,2.29451253605,17.0
17012 - MAIRIE DU 17EME,23,3,48.88410129320001,2.322206025349999,17.0
17043 - PLACE GENERAL KOENIG,38,3,48.88023362759999,2.28538067947,17.0
21211 - MARNE (MONTROUGE),14,2,48.81174982129998,2.30316988763,
10001 - JOHANN STRAUSS,62,29,48.8684999417,2.35997004961,10.0
15021 - CROIX NIVERT,63,46,48.8448064217,2.29757200598,15.0
34011 - DHALENNE (SAINT OUEN),23,0,48.914188312399986,2.33208283587,
14006 - SAINT JACQUES TOMBE ISSOIRE,22,0,48.8331903188,2.336933391250001,14.0
21012 - LECLERC (BOULOGNE-BILLANCOURT),50,49,48.830586296199996,2.23449077993,
20132 - REUNION,25,3,48.852566752,2.403928068710001,20.0
12010 - MICHEL BIZOT,19,13,48.83749044650001,2.4018255858,12.0
20021 - PRAIRIE L INDRE,36,2,48.86272646269999,2.403351311,20.0
09025 - TAITBOUT CHÂTEAUDUN,38,10,48.876383969399996,2.33535667793,9.0
19046 - PORTE DE PANTIN,33,1,48.88904006809997,2.3952894618,19.0
15001 - ARRIVEE,43,43,48.84374888920001,2.322451937469999,15.0
33103 - JAURES 2 (PRE SAINT GERVAIS),23,2,48.8840012644,2.40798991939,
05015 - MOUFFETARD EPEE DE BOIS,63,2,48.84150763739999,2.34998304703,5.0
20041 - BELLEVILLE,59,1,48.8711994314,2.377994338290001,20.0
05032 - PANTHEON CARMES,37,3,48.84698675279999,2.34649965376,5.0
01006 - GRANDE TRUANDERIE,33,33,48.86263180419999,2.34973214483,1.0
15104 - HÔPITAL GEORGES POMPIDOU (PROP 2),65,24,48.8376790033,2.27573060931,15.0
14030 - LOSSERAND - PERNETY,33,1,48.834254628,2.317609339390001,14.0
21704 - REPUBLIQUE (VANVES),25,16,48.82170269989999,2.28539562483,
12020 - COURS DE VINCENNES - BD SOULT,45,7,48.84698907,2.410145496560001,12.0
35010 - GERVAIS (PANTIN),24,9,48.89107897629998,2.40277551969,
21205 - JAURES 2 (MONTROUGE),26,2,48.813862963599995,2.30694360566,
20009 - DOCTEUR DEJERINE,20,3,48.854023284499995,2.41205801661,20.0
31007 - PARIS 1 (MONTREUIL),46,2,48.857364,2.4321581,
15122 - PLACE CHARLES VALLIN,14,2,48.835524753599984,2.302621940940001,15.0
16008 - GALILEE KLEBER,32,3,48.867411865699985,2.290781380109999,16.0
18020 - RUISSEAU,18,4,48.891041232599996,2.340014585440001,18.0
19030 - MOSELLE JAURES,27,0,48.883777,2.376515,19.0
21702 - BASCH (VANVES),51,1,48.81893986429997,2.291959872470001,
19036 - HOPITAL ROBERT DEBRE,33,1,48.87993041550001,2.400950502010001,19.0
17003 - JACQUES KELLNER,45,0,48.89580948579998,2.327897409159999,17.0
15002 - BOURDELLE,17,17,48.843085317499984,2.320263946779999,15.0
21103 - HUGO (CLICHY),25,14,48.9014601568,2.317129920659999,
42704 - ROSSEL (LE KREMLIN BICETRE),25,3,48.8120128143,2.35697189329,
07016 - TOUR MAUBOURG UNIVERSITE,58,8,48.86127301629998,2.30945355091,7.0
14015 - CITE UNIVERSITAIRE,19,0,48.82015010779999,2.33992642819,14.0
11003 - ROQUETTE DALLERY,32,16,48.85551286129998,2.37524034703,11.0
21210 - PERI 2 (MONTROUGE),32,1,48.8178170939,2.3240312783,
12009 - DIDEROT,18,17,48.84626878979998,2.37926432509,12.0
12013 - RUE MONTGALLET,16,9,48.844312608399996,2.38959522722,12.0
14114 - PLACE DE CATALOGNE,43,0,48.8372933094,2.31748293064,14.0
17102 - ALFRED ROLL,33,3,48.88784949379999,2.30003439798,17.0
13113 - CHOISY VISTULE,25,1,48.823633976399975,2.361571534159999,13.0
13019 - AURIOL QUAI DE LA GARE,36,35,48.83636225239999,2.37237538906,13.0
11104 - CHARONNE DU BUREAU,20,1,48.855943779599976,2.39253252663,11.0
43002 - LAGNY (VINCENNES),25,3,48.84887901899999,2.42619842213,
22007 - CHARCOT (NEUILLY),36,7,48.87536028389997,2.25569933163,
42004 - WESTERMEYER - QUAIS D'IVRY (IVRY),25,20,48.8190295,2.396602,
12114 - PORTE DE SAINT MANDE,28,4,48.843949063999986,2.415081394829999,12.0
16035 - HIPPODROME D AUTEUIL,66,5,48.848892821,2.257651561469999,16.0
13117 - STADE GEORGES CARPENTIER,67,2,48.82049518800001,2.36681968214,13.0
15032 - LOURMEL,57,44,48.83873440829998,2.281755540139999,15.0
21301 - SAINT VINCENT (ISSY LES MOULINEAUX),34,34,48.81948999389997,2.25386941996,
15058 - GEORGES POMPIDOU,46,27,48.84009444669998,2.27158991199,15.0
08035 - NARVICK,45,0,48.8765999408,2.313165054360001,8.0
09102 - PLACE D'ESTIENNE D'ORVES,24,3,48.876732498899976,2.33048422585,9.0
19040 - TELEGRAPHE,40,0,48.87563618069999,2.39946145198,19.0
16112 - CHERNOVITZ,36,3,48.85698641459998,2.282173218140001,16.0
12125 - PYRAMIDE ENTRÉE PARC FLORAL,48,0,48.83706149289999,2.44044666425,12.0
03010 - BEAUBOURG,18,17,48.8624649804,2.35423678142,3.0
21308 - BARA (ISSY LES MOULINEAUX),36,6,48.83363,2.26853,
31010 - STALINGRAD (MONTREUIL),44,0,48.8568111231,2.44498742534,
12007 - GARE DE LYON CHALON,50,47,48.84568897559999,2.37420369005,12.0
14019 - SARETTE GENERAL LECLERC,22,0,48.825030852899985,2.3264128694,14.0
11034 - PARMENTIER FONTAINE AU ROI,47,2,48.867876705499974,2.37270597867,11.0
21016 - POINT DU JOUR (BOULOGNE-BILLANCOURT),25,2,48.82875314139999,2.24591146701,
10016 - VILLEMIN,16,6,48.8750346559,2.359801238599999,10.0
11103 - RICHARD LENOIR,47,28,48.86003931119999,2.37098437424,11.0
23005 - GARE DE CLICHY LEVALLOIS,25,3,48.896746,2.2982307,
23003 - WILSON (LEVALLOIS),25,0,48.898340002299975,2.285089933580001,
16115 - RAFFET,41,2,48.852618846099986,2.2629300391,16.0
16102 - PERGOLÈSE/ MARBEAU,27,0,48.87356870689998,2.28151252253,16.0
19124 - ALEXANDER FLEMMING,31,0,48.88176979389999,2.403179367970001,19.0
16122 - MUETTE NEUILLY,50,4,48.880079643100004,2.258576589880001,16.0
12039 - DECAEN,38,28,48.834812629800005,2.400927788130001,12.0
31006 - REPUBLIQUE 2 (MONTREUIL),27,0,48.85375961629998,2.42444580801,
02007 - CHABANAIS,28,5,48.86712344639998,2.33668660824,2.0
01017 - SAINT HONORE,20,16,48.86557114280001,2.33056741758,1.0
19121 - BELLEVILLE PRE SAINT GERVAIS,21,1,48.87551806859998,2.39296078728,19.0
20040 - PARC DE BELLEVILLE,26,0,48.870393671599984,2.38422247271,20.0
02005 - MONTORGUEIL RUE MONTMARTRE VERSION 2,15,9,48.86502194580001,2.34506844014,2.0
22012 - MICHELIS (NEUILLY),25,3,48.88274991549997,2.27740638128,
04012 - ECOUFFES RIVOLI,28,24,48.855796637399976,2.35790788214,4.0
18028 - VAUVENARGUES,33,0,48.89405725129999,2.33219933598,18.0
05002 - SAINT JACQUES,35,33,48.850310432899995,2.345015835299999,5.0
10015 - RECOLLETS,46,8,48.874112916499996,2.362498528699999,10.0
14111 - DENFERT-ROCHEREAU CASSINI,24,8,48.83754929219998,2.33598303047,14.0
20032 - AMANDIERS,12,0,48.86629510599999,2.389350412429999,20.0
18018 - CARPEAUX,19,2,48.89074721019998,2.33082039648,18.0
08549 - PLACE DUNANT,24,6,48.87040913509998,2.30112319174,8.0
09029 - TRINITE,39,4,48.8768593273,2.33276238001,9.0
15047 - DANTZIG,52,0,48.8331797706,2.2992826416,15.0
08048 - MARCEAU,20,0,48.86885170819998,2.2985140488,16.0
41603 - PASTEUR (SAINT MANDE),19,1,48.8457792192,2.42377059524,
16044 - STADE FRANCAIS,32,10,48.8387133632,2.252191060539999,16.0
19101 - SIMON BOLIVAR,24,3,48.87507040410001,2.38259171498,19.0
11009 - RUE DES BOULETS,23,6,48.852193095399976,2.38902165058,11.0
19031 - MANIN CRIMEE,23,11,48.883029839299994,2.386348840020001,19.0
12012 - REUILLY DIDEROT,21,18,48.847296310599994,2.38570767222,12.0
05026 - MOUFFETARD SAINT MEDARD,49,8,48.8389938245,2.34993205296,5.0
16118 - MICHEL ANGE,26,7,48.84061039969998,2.2583736582,16.0
11010 - ST ANTOINE GONNET,41,18,48.84925926209998,2.39175461419,11.0
19011 - ROUVET DAMPIERRE,47,0,48.89338004999998,2.3849997569,19.0
01003 - RIVOLI SAINT DENIS,50,48,48.8591502873,2.34762008768,1.0
07022 - PONT DE L'ALMA,69,9,48.861640499599986,2.30225034418,7.0
31004 - PARIS 2 (MONTREUIL),46,4,48.85550131289997,2.42205573361,
43009 - MURS DU PARC (VINCENNES),50,6,48.84696126019998,2.4522373966,
17021 - WAGRAM (17EME ARR.),40,0,48.88428944029998,2.30549744426,17.0
09035 - PLACE DE BUDAPEST,44,3,48.877753234,2.32733929071,9.0
05021 - JUSSIEU,36,34,48.847184641199995,2.35339837969,5.0
20117 - SAINT FARGEAU MORTIER,32,0,48.87274726899999,2.4082034543,20.0
10031 - AQUEDUC,39,4,48.88199721,2.36362521455,10.0
10034 - CHAPELLE LOUIS BLANC,20,0,48.883849318399996,2.36005308899,10.0
05107 - PONTOISE,23,21,48.850458009199976,2.35245427549,5.0
21005 - MORIZET (BOULOGNE-BILLANCOURT),25,17,48.8349539797,2.241688247099999,
18122 - BINET,29,0,48.89926886329998,2.342963477310001,18.0
15114 - PASTEUR COTENTIN,33,4,48.83893690999997,2.316168412060001,15.0
32003 - METALLURGIE (SAINT DENIS),29,14,48.909330021899976,2.35805056574,
14101 - PLACE FERNAND MOURLOT,33,6,48.84150480149999,2.32327771564,14.0
21111 - LERICHE (CLICHY),50,33,48.90811038299999,2.30751971008,
14127 - ODESSA,40,14,48.842842278099994,2.324441565139999,14.0
06024 - SAINT GERMAIN DES PRES,26,25,48.85394230919998,2.33015352477,6.0
18024 - CLIGNANCOURT MARCADET,39,0,48.89145772619999,2.34863647806,18.0
10107 - MAGENTA PARE,47,0,48.881949743199996,2.35233950656,10.0
12005 - CROZATIER,30,6,48.850440013399975,2.37890136621,12.0
13028 - GOUTHIERE,33,23,48.820507,2.351342,13.0
19020 - MANIN HAUTPOUL,23,0,48.8846620656,2.39020968745,19.0
17032 - ESPACE CHAMPERRET,39,0,48.88657099339998,2.288612344980001,17.0
16116 - GEORGES SAND,29,19,48.84986918759998,2.268257387529999,16.0
16026 - RANELAGH,23,1,48.85548488369997,2.270408657399999,16.0
18105 - BELIARD POISSONNIERS,32,3,48.89740678789998,2.35252665936,18.0
06018 - MICHELET ASSAS,16,3,48.842540966,2.33506788557,6.0
21202 - BARBES (MONTROUGE),34,0,48.8172449117,2.32750599924,
19008 - CORENTIN CARIOU,25,2,48.894650249999984,2.381868729509999,19.0
33010 - HUGO (AUBERVILLIERS),32,4,48.91110480970001,2.3791437423,
09111 - LA FAYETTE PROVENCE,18,3,48.875143734899986,2.33811850514,9.0
17038 - ARGENTINE,56,3,48.87617438949998,2.28824740509,17.0
33001 - EMGP (AUBERVILLIERS),60,0,48.9031834065,2.36802561261,
02004 - REAUMUR MONTORGUEIL,17,16,48.86697371419999,2.348632465440001,2.0
15014 - VOLONTAIRES,34,5,48.8413205018,2.30808901725,15.0
10003 - HAUTEVILLE,17,0,48.87077436019996,2.34964963683,10.0
21305 - MADAULE (ISSY LES MOULINEAUX),25,17,48.82412590459999,2.26064598549,
09015 - LAMARTINE,31,4,48.8766221204,2.33979989932,9.0
31001 - LAGNY (MONTREUIL),27,4,48.84923030089998,2.421429940009999,
01018 - RIVOLI TUILERIE,21,20,48.864793666100006,2.329431421949999,1.0
20020 - PYRENEES RENOUVIER,28,0,48.860959332299984,2.40042185204,20.0
42003 - INSURRECTION AOUT 1944 (IVRY),30,27,48.8146600822,2.398261540640001,
20012 - BUZENVAL VIGNOLES,15,2,48.853923276099984,2.40003874927,20.0
15018 - ALLERAY,56,0,48.83657566429999,2.306874517119999,15.0
10005 - CONSERVATOIRE,30,8,48.8739721724,2.3483887575,10.0
15112 - FALGUIÈRE LEBRUN,22,1,48.83875881349999,2.3109360795,15.0
18039 - EOLE,20,0,48.887021203399996,2.36688624824,18.0
42707 - OKABE (LE KREMLIN-BICETRE),25,3,48.812367829399996,2.36180984825,
41101 - DOUMER (ARCUEIL),25,21,48.80638001030001,2.33671040255,
13027 - MAZAGRAND COUBERTIN,15,1,48.816258257199976,2.344181922989999,13.0
06030 - ASSAS-VAUGIRARD,35,9,48.848468863999976,2.328996746810001,6.0
17042 - PORTE MAILLOT,37,2,48.877750033399984,2.28444435655,17.0
22013 - SAINTE FOY (NEUILLY),31,3,48.885140053099995,2.26780000825,
21503 - LEDRU ROLLIN (SURESNES),24,7,48.870920487599975,2.229589352210001,
02022 - BONNE NOUVELLE SAINT FIACRE,36,4,48.87078277949998,2.34590581139,2.0
19109 - PLACE DU MAROC,19,2,48.88623341740001,2.3688563905,19.0
17009 - BODIN AVENUE DE CLICHY,33,1,48.89263392139998,2.31731325811,17.0
21104 - SANZILLON (CLICHY),22,2,48.9036767023,2.31917665758,
33104 - JOINEAU (PRE SAINT GERVAIS),30,4,48.88362023380001,2.40324031837,
08047 - GEORGE V,32,0,48.86816594059999,2.30127460932,8.0
08057 - HOCHE,33,1,48.87494475809998,2.2974385772,8.0
08008 - ROME SAINT LAZARE,18,9,48.8753531745,2.32288436575,8.0
08013 - MARIGNAN,33,1,48.869616194899976,2.306620834899999,8.0
15037 - GROULT,47,45,48.840416188400006,2.295464906519999,15.0
14106 - STADE DIDOT,21,0,48.825325870099995,2.31067065347,14.0
08029 - PLACE DU CANADA,36,3,48.86534626939998,2.310193787959999,8.0
18042 - PIGALLE GERMAIN PILLON,21,0,48.88272809049999,2.33626263902,18.0
20017 - RUE SAINT BLAISE,27,1,48.856974939999986,2.40884245741,20.0
13101 - CROULEBARBE RECULETTES,34,26,48.831121775099994,2.348108654779999,13.0
09005 - SQUARE D'ANVERS,33,3,48.882633484299966,2.34488440621,9.0
10021 - MARCHE ST QUENTIN,15,2,48.877356057700005,2.35451144564,10.0
15053 - LECOURBE,45,43,48.839222097800004,2.29154050795,15.0
15103 - SQUARE DES CÉVENNES,49,39,48.84341723239998,2.27510833206,15.0
19123 - QUAI DE METZ,33,11,48.89106,2.3865,19.0
02016 - ABOUKIR,21,0,48.8686604815,2.35018588824,2.0
42702 - LECLERC (KREMLIN BICETRE),20,0,48.8104774996,2.35817289646,
42207 - PARIS 3 (CHARENTON),28,17,48.826657206299984,2.40587672301,
22101 - GARE ROUTIERE ( SAINT CLOUD),50,37,48.843126206,2.222189235680001,
16025 - FONTAINE RAYNOUARD,69,15,48.8527869441,2.275580584190001,16.0
13120 - VITRY DESAULT,19,6,48.82113875139999,2.37871860661,13.0
08004 - MALESHERBES PASQUIER,64,22,48.8704218834,2.323288994790001,8.0
00906 - GARE DE L'EST,20,2,48.8764198136,2.358630064539999,10.0
18107 - CHARTRES,33,0,48.88470686399998,2.35358041023,18.0
14116 - ROMAIN ROLLAND,25,6,48.82032364610001,2.32300304092,14.0
17013 - LEGENDRE,22,2,48.885437730899994,2.31647383591,17.0
09106 - AUBER,8,1,48.872190251400006,2.329423494,9.0
41203 - STALINGRAD (FONTENAY SOUS BOIS),51,2,48.85012523209997,2.45552917211,
18029 - POTEAU,38,1,48.89453090449999,2.34154133909,18.0
19013 - LAUMIERE,33,2,48.88458074069999,2.38012665025,19.0
05105 - GEOFFROY SAINT HILAIRE,17,10,48.83907826420001,2.356877340670001,5.0
09023 - ITALIENS LAFFITE,33,5,48.871815737399984,2.33720154785,9.0
21307 - CRESSON 1 (ISSY LES MOULINEAUX),31,28,48.82267836709999,2.26863109329,
08051 - CHAPTAL,14,0,48.881914,2.320284,8.0
42012 - BARBUSSE (IVRY),25,0,48.81020034799999,2.37967058912,
11026 - CHEMIN VERT SAINT MAUR,46,0,48.8611944193,2.38130190492,11.0
34006 - MICHELET (SAINT OUEN),25,8,48.91035642199998,2.344301021180001,
21302 - BRIAND (ISSY LES MOULINEAUX),25,22,48.82103025289999,2.251019571530001,
21206 - PERI (MONTROUGE),50,3,48.81823373259997,2.32088453255,
21502 - VERDUN (SURESNES),25,1,48.87100304149999,2.22747747677,
08050 - BOETIE PONTHIEU,45,8,48.87151274149999,2.30748756442,8.0
08003 - GALILLE,17,1,48.87170519139998,2.29852826568,8.0
08019 - EUROPE,43,2,48.8799571638,2.321359676280001,8.0
05016 - CONTRESCARPE-THOUIN,16,0,48.845062256400006,2.34949778986,5.0
14021 - PLACE DE LA PORTE DE CHATILLON,59,2,48.82448970249997,2.31844743105,14.0
17017 - PONT CARDINET,32,0,48.8871404519,2.31452160564,17.0
18045 - GANNERON,16,0,48.88662714859999,2.32629368932,18.0
08032 - MATIGNON,63,4,48.87147642129998,2.31388541995,8.0
41601 - GENERAL DE GAULLE (SAINT MANDE),24,15,48.83903043179998,2.417410435399999,
18112 - HÔPITAL BICHAT,25,0,48.89801434320001,2.33365337616,18.0
08044 - VAN DYCK,33,3,48.878361383599994,2.305254448219999,8.0
13035 - IVRY TOLBIAC,22,2,48.8259701364,2.36023184076,13.0
19002 - TANGER,18,1,48.88935145349999,2.37077448806,19.0
07020 - CLER,57,29,48.85664110009998,2.30659853411,7.0
15050 - PADO - CROIX NIVERT,22,5,48.83656,2.28976,15.0
12042 - MONTEMPOIVRE,42,17,48.8403981722,2.40922942058,12.0
09101 - CADET LA FAYETTE,19,8,48.87563967180001,2.343523591550001,9.0
13025 - PLACE DE RUNGIS,33,9,48.822455947599984,2.34738272948,13.0
19119 - BOURET PAILLERON,26,0,48.8805744614,2.37685300056,19.0
21014 - HAMEAU FLEURI (BOULOGNE-BILLANCOURT),22,1,48.83142865009999,2.24120465344,
17119 - TOQUEVILLE,31,0,48.884924358899994,2.31090855294,17.0
08046 - ALMA MARCEAU,30,2,48.865194405299974,2.30024954516,8.0
42007 - PIERRE ET MARIE CURIE (IVRY),28,5,48.8128905615,2.37065026342,
23006 - GUESDE (LEVALLOIS),25,18,48.89086032289998,2.29500037014,
18043 - BLANCHE,20,1,48.883564744900006,2.33341862941,18.0
13041 - PORTE D'IVRY,50,1,48.821962441,2.36852869997,13.0
08010 - LIEGE,17,0,48.87958116560001,2.32642735247,8.0
01019 - SAINT HONORE VENDOME,14,14,48.866698008499995,2.32828818572,1.0
42205 - PARIS 1 (CHARENTON),22,17,48.82214312579998,2.41260278647,
04017 - PLACE DE L'HOTEL DE VILLE,14,14,48.857232,2.351621,4.0
15043 - BRANCION,11,0,48.82905421649998,2.301417436039999,15.0
13033 - PORTE D'ITALIE,14,1,48.8173123004,2.36021848094,13.0
12108 - BERCY,66,0,48.84002,2.37862,12.0
35005 - GENERAL LECLERC (PANTIN),27,6,48.89571394979998,2.40057189443,
18008 - SQUARE LEON,33,1,48.88666702639998,2.35321307162,18.0
09021 - SAINT GEORGES,22,0,48.877872278299996,2.3374468042,9.0
04020 - BEAUBOURG PLACE MICHELET,28,28,48.860088326099984,2.350148335920001,4.0
11008 - FAIDHERBE CHALIGNY,40,17,48.850379753899986,2.383869335469999,11.0
16027 - JASMIN,61,3,48.85286124869999,2.26848357065,16.0
14120 - JOURDAN BARBOUX,20,0,48.8219553065,2.32680686991,14.0
14013 - LIART AMIRAL MOUCHEZ,14,9,48.82122766330001,2.34210421456,14.0
18019 - MONTCALM,49,0,48.89187795709999,2.335447427690001,18.0
42015 - JEAN FERRAT (IVRY),25,1,48.8185,2.37427,
15054 - CHANDON,19,9,48.83797034199998,2.287582307039999,15.0
17029 - PLACE AIMÉE MAILLART,36,3,48.8814111012,2.29482820074,17.0
11032 - METALLOS,48,2,48.8679379631,2.37788551568,11.0
11044 - RICHARD LENOIR VOLTAIRE NORD,23,1,48.86343198959998,2.371208617959999,11.0
13047 - BOUTROUX VITRY,49,22,48.82263284219997,2.37773843366,13.0
13001 - PORT ROYAL,18,1,48.837727921,2.344664043430001,13.0
21013 - GRENIER (BOULOGNE-BILLANCOURT),21,7,48.82584693469998,2.24882139109,
14016 - REILLE MONTSOURIS,53,8,48.824767102599964,2.3359996773,14.0
31002 - REPUBLIQUE (MONTREUIL),25,7,48.85281419129997,2.41930708875,
15105 - SUFFREN FÉDÉRATION,24,0,48.85276674349997,2.29787643147,15.0
20008 - MARAICHERS,31,3,48.85324689819999,2.40587104453,20.0
15059 - CITROEN,64,42,48.84071436440001,2.27801857157,15.0
21501 - SELLIER (SURESNES),51,0,48.867565806100004,2.22599848496,
14011 - ALESIA SARRETTE,23,6,48.827525291999976,2.33172937899,14.0
16042 - PORTE DE SAINT CLOUD,56,24,48.83755526,2.25797257271,16.0
18022 - BARBES MARCADET,47,1,48.890451120999984,2.34905739297,18.0
33009 - FELIX (AUBERVILLIERS),33,21,48.90788575729997,2.37883847406,
13121 - BRUNESEAU - QUAI D'IVRY,47,45,48.82495287289998,2.38858067885,13.0
15039 - CHARLES VALLIN,12,0,48.8360583939,2.30186596838,15.0
19118 - BOLIVAR BURNOUF,22,0,48.87712417769999,2.37427650924,19.0
17005 - BROCHANT,35,4,48.890329989099996,2.31973055993,17.0
08016 - SQUARE LOUIS XVI,39,25,48.873204401,2.32365883074,8.0
16016 - PAUL DOUMER / LA TOUR,33,1,48.860116109599986,2.28084048191,16.0
12107 - DIDEROT BOURDAN,21,8,48.847653881,2.390238633139999,12.0
01012 - BOURSE DU COMMERCE,22,0,48.86299816679999,2.34155507783,1.0
19025 - BOTZARIS,17,1,48.8795614522,2.38896041078,19.0
04018 - RIVOLI SEBASTOPOL,19,19,48.85799964329999,2.350217280979999,4.0
02107 - THOREL,16,2,48.87000061719998,2.348995518050001,2.0
09034 - GODOT DE MAUROY,22,5,48.86995668159999,2.32659965711,9.0
17026 - WAGRAM COURCELLES,41,4,48.8818571507,2.301138378180001,17.0
07021 - BOSQUET SAINT DOMINIQUE,50,3,48.858651709499995,2.30371658023,7.0
13038 - CHOISY POINT D'IVRY,24,4,48.82190796880001,2.36333471061,13.0
20029 - PORTE DES LILAS,23,0,48.87809927639997,2.41104629853,20.0
08030 - MONTAIGNE,35,3,48.8672932362,2.307691605650001,8.0
04105 - MORLAND,36,29,48.849960035299986,2.36323986872,4.0
23004 - COUTURIER 2 (LEVALLOIS),35,2,48.89819702260001,2.29384801797,
12109 - CHAROLAIS,30,11,48.8408694597,2.38756433493,12.0
10105 - BONNE NOUVELLE PROP2,24,5,48.870278078599995,2.35128163669,10.0
13034 - EDISON,18,0,48.82902666969999,2.36106902409,13.0
16033 - MICHEL ANGE AUTEUIL,31,5,48.84842761369999,2.26525382116,16.0
13036 - TOLBIAC NATIONALE,36,0,48.8269001997,2.365177603479999,13.0
09113 - BLEUE,30,1,48.87582185499999,2.3473032303,9.0
10010 - JACQUES BONSERGENT,33,11,48.87099998979998,2.36114143657,10.0
10161 - GARE DE L'EST,34,1,48.8756701125,2.35950993759,10.0
16043 - PLACE DE PASSY,15,1,48.85780291709999,2.27750054694,16.0
12123 - CHATEAU DE VINCENNES,51,0,48.8442319326,2.43920953771,12.0
12126 - AVENUE DE GRAVELLE,50,22,48.824407767599986,2.41845500423,
17117 - PEREIRE SAUSSURE,30,0,48.88818564189998,2.31012053655,17.0
08113 - PLACE ST AUGUSTIN,22,2,48.87492310979999,2.31939514438,8.0
11101 - SQUARE NORDLING,49,36,48.8525290004,2.38058363232,11.0
18002 - CLIGNANCOURT,24,1,48.8853016219,2.34721103754,18.0
13030 - ITALIE TOLBIAC,40,5,48.82583946070001,2.35721535751,13.0
13016 - PRIMO LEVI,62,62,48.83094844849998,2.37965351593,13.0
19023 - MANIN SIMON BOLIVAR,23,3,48.87649965409998,2.379407362599999,19.0
05034 - CENSIER,69,57,48.840508663699985,2.353713552029999,5.0
20106 - MAIRIE DU 20ÈME,27,0,48.865352242,2.39894644808,20.0
20002 - PIXERECOURT,15,0,48.87380362299998,2.3960122233,20.0
12018 - SAINT MANDE - FAVRE,35,4,48.845609249699976,2.39593262721,12.0
14032 - MOUTON DUVERNET - MAIRIE DU 14EME,31,0,48.83250127869999,2.325401166689999,14.0
14010 - JEAN MOULIN ALESIA,39,3,48.82742690009999,2.325760332849999,14.0
31708 - NOISY (BAGNOLET),22,0,48.87445771720002,2.41513809225,
06026 - SAINT PLACIDE CHERCHE MIDI,66,59,48.84913990320002,2.32517538941,6.0
13049 - COUR FREYSSINET  1 - VINCENT-AURIOL,22,11,48.834183,2.370347,13.0
17015 - PLACE DE LEVIS,49,1,48.8836882175,2.313284405399999,17.0
13051 -COUR FREYSSINET 2 - CHEVALERET,23,1,48.83298,2.371373,13.0
18023 - POISSONNIERS ORDENER,34,1,48.891213890799996,2.35128866622,18.0
13004 - GLACIERE,68,26,48.830624075099976,2.34542945665,13.0
34007 - ROSIERS (SAINT OUEN),25,19,48.90536225139999,2.3373896485,
42010 - ROBESPIERRE (IVRY),53,43,48.8108458646,2.38395086342,
06002 - SAINT PÈRES,23,22,48.8554999844,2.33344522003,6.0
01013 - SAINT HONORE,66,35,48.862430234799994,2.33852013115,1.0
21705 - HUGO (VANVES),23,3,48.82359964429998,2.28881972951,
08104 - FRIEDLAND CHATEAUBRIAND,31,1,48.8740144756,2.29991625787,8.0
09011 - FOLIES BERGERES,20,7,48.87378194059998,2.34451387634,9.0
17020 - NICARAGUA,26,1,48.885069943699996,2.307083216660001,17.0
15126 - RENAN,50,16,48.83110018729999,2.28538759483,15.0
42206 - PARIS 2 (CHARENTON),23,14,48.82378408969999,2.4100135404,
11112 - CHARONNES VALLES,23,16,48.85430417780001,2.38488615344,11.0
07019 - ECOLE MILITAIRE,47,29,48.85495116799999,2.3054786342,7.0
13107 - MARCHAND SANTE,45,26,48.82884021839998,2.341967436830001,13.0
35004 - ALLENDE (PANTIN),60,7,48.89732893679999,2.40057659385,
21008 - HUGO (BOULOGNE-BILLANCOURT),33,26,48.837923314799994,2.24606415154,
12040 - PORTE DE CHARENTON,67,65,48.8315881252,2.39874566495,12.0
04104 - SEBASTOPOL RAMBUTEAU,16,15,48.86188310219999,2.3502209761,4.0
14005 - DENFERT ROCHEREAU,17,0,48.8331407992,2.33267222748,14.0
14028 - PLAISANCE ALESIA,47,0,48.8316397041,2.31515852905,14.0
18103 - CHARLES HERMITE,23,0,48.89890275339998,2.36473249417,18.0
41201 - DE RICARD (FONTENAY SOUS BOIS),41,5,48.84630286069999,2.47240877487,
02006 - PLACE DES VICTOIRES,24,6,48.866002632599994,2.34192041196,2.0
21002 - DENFERT ROCHEREAU (BOULOGNE-BILLANCOURT),20,16,48.84317665589999,2.246214231580001,
12001 - BASTILLE,64,59,48.85131118739999,2.36925048358,12.0
10018 - ALBAN SATRAGNE,30,2,48.87538490559999,2.35609401864,10.0
12127 - TREMBLAY - INSEP,36,14,48.83397,2.45482,12.0
31011 - STALINGRAD 2 (MONTREUIL),23,5,48.858923026799985,2.44314211824,
21107 - SINCHOLLE (CLICHY),23,2,48.899359637,2.3040405607,
18102 - RUE DE LA CHAPELLE,33,2,48.896482831899995,2.35884552523,18.0
15065 - HUMBERT,63,51,48.84638377299997,2.2800084119,15.0
16135 - STADE WILMILLE,29,2,48.872381,2.275283,16.0
10027 - DUNKERQUE,19,0,48.879355103199984,2.35837919245,10.0
42705 - CONVENTION (LE KREMLIN BICETRE),25,15,48.8128002964,2.36104116644,
17111 - LEMERCIER,23,4,48.8900204961,2.317590929900001,17.0
09013 - MAIRIE DU 9EME,25,2,48.87326713759998,2.34075344805,9.0
11102 - RUE DES BOULETS ( COMPLEMENTAIRE ),58,38,48.85288867039999,2.389147640809999,11.0
18003 - JOSEPH DE MAISTRE LEPIC,43,0,48.886456815799995,2.332897827910001,18.0
04101 - BASTILLE,20,8,48.85379734499999,2.36840080696,4.0
10020 - CHABROL,11,3,48.877100351099976,2.351222168050001,10.0
16015 - RUE DE BASSANO,15,0,48.86814451049999,2.29614960099,16.0
21201 - JAURES (MONTROUGE),22,3,48.81629067699999,2.311279543409999,
13017 - NATIONALE,33,4,48.832527084,2.36235441039,13.0
02108 - VIVIENNE,38,0,48.8712422742,2.341394999259999,2.0
12101 - CHARENTON PRAGUE,19,9,48.84817513,2.37635844943,12.0
05007 - ECOLES CARMES,37,18,48.8489190079,2.347201329519999,5.0
14024 - RAYMOND LOSSERAND,24,2,48.827989487399975,2.30567210646,14.0
18013 - CHATEAU ROUGE,17,4,48.887781770700016,2.350517738220001,18.0
15102 - SQUARE BELA BARTOK,23,22,48.85116724069999,2.284607607569999,15.0
06108 - SAINT ROMAIN CHERCHE MIDI,16,10,48.847030080600014,2.32128942101,6.0
02008 - MAIRIE DU 2EME,29,0,48.86729326279999,2.340563686359999,2.0
11028 - BLUETS REPUBLIQUE,36,3,48.86382517429999,2.38090637715,11.0
21102 - NATIONS UNIES (CLICHY),25,4,48.897109850099994,2.30990049821,
06016 - DANTON,21,20,48.852393009299995,2.34144252247,6.0
02014 - SAINT AUGUSTIN,16,7,48.869113152599994,2.332515105270001,2.0
11107 - BIBLIOTHEQUE FAIDHERBE,46,29,48.85153200530001,2.38372328829,11.0
13007 - LE BRUN GOBELINS,48,18,48.83509278779997,2.35346813513,13.0
16037 - MOLITOR - MICHEL ANGE,52,4,48.8451820815,2.262112773570001,16.0
01008 - COQUILLIERE - LOUVRE,32,4,48.863575,2.3426385,1.0
10151 - GARE DU NORD 1,26,2,48.87963935299999,2.35690495842,10.0
10007 - CHATEAU D'EAU,19,4,48.87242997329998,2.35548939017,10.0
35014 - DE GAULLE (PANTIN),25,16,48.893268664699995,2.412715733389999,
13037 - IVRY BAUDICOURT,20,0,48.824695995399985,2.36310607358,13.0
13040 - PORTE DE CHOISY,18,5,48.81994196569999,2.36507858639,13.0
06006 - NOTRE DAME DES CHAMPS,19,2,48.844799288599994,2.329337755890001,6.0
12015 - NATION PICPUS,36,8,48.84696435949999,2.39986827743,12.0
09019 - VICTOR MASSE,18,0,48.881149034,2.3366810043,9.0
21015 - NATIONALE (BOULOGNE-BILLANCOURT),23,12,48.827600424099984,2.24183519132,
06107 - CHERCHE MIDI,23,2,48.85024108719999,2.32755154921,6.0
09004 - ROCHECHOUART GERANDO,21,0,48.88291108949998,2.346319371629999,9.0
06029 - VAUGIRARD PRINCE,24,15,48.84892295820001,2.34104050871,6.0
19114 - MANIN SECRETAN,20,2,48.879275195700004,2.37863702192,19.0
12032 - PORTE DOREE,35,35,48.83554504359998,2.407455515930001,12.0
16110 - OCTAVE FEUILLET,21,0,48.8609983661,2.273128527139999,16.0
06103 - MEZIERES RENNES,55,52,48.85029701020001,2.33044682028,6.0
42006 - BROSSOLETTE (IVRY),20,10,48.81692972059999,2.381460319179999,
03001 - CHEMIN VERT BEAUMARCHAIS,52,46,48.858044056900006,2.3678326593,3.0
34009 - MAAR (SAINT OUEN),26,6,48.90526962939999,2.32217124869,
03007 - ARCHIVES PASTOURELLE,28,21,48.86240121189999,2.35944703195,3.0
15115 - VAUGIRARD,30,1,48.8413252598,2.318291551590001,15.0
09036 - ATHENES CLICHY,20,2,48.878113787899984,2.32956021946,9.0
04103 - HOTEL DE VILLE,25,24,48.857203787700016,2.35397627362,4.0
01015 - PLACE ANDRE MALRAUX,20,18,48.863979655200005,2.335599603889999,1.0
17002 - LA FOURCHE RUE DE LA CONDAMINE,37,1,48.8879013455,2.32440044544,17.0
32605 - HORTENSIAS (LES LILAS),22,0,48.882173094199985,2.42327263606,
02012 - QUATRE SEPTEMBRE,42,0,48.86996973399999,2.336039455539999,2.0
05029 - PORT ROYAL,30,2,48.840108956699986,2.337296889739999,5.0
12017 - ST MANDE NETTER,39,11,48.844634626300014,2.40509982632,12.0
18011 - HERBERT,35,10,48.892845711199996,2.36342901628,18.0
21106 - MORICE 2 (CLICHY),25,6,48.900660349399985,2.30856953503,
43001 - PARIS 1 (VINCENNES),22,1,48.8463380539,2.42024734047,
08105 - FRANCOIS 1ER LINCOLN,31,1,48.86951797929999,2.30242621884,8.0
9104 - CAUMARTIN PROVENCE,23,20,48.874505246,2.328474260870001,9.0
18005 - TARDIEU,17,1,48.8841632665,2.341879802309999,18.0
04009 - VILLAGE SAINT PAUL,28,24,48.85272597219999,2.360878343429999,4.0
16034 - PORTE D'AUTEUIL,33,3,48.847950207799975,2.260659826139999,16.0
13022 - BUTTE AUX CAILLES,36,0,48.827564379900004,2.349063506689999,13.0
20018 - HARPIGNIES,36,0,48.85862166939999,2.40994255388,20.0
11109 - REPUBLIQUE PIERRE LEVEE,23,1,48.86633134789999,2.37109744847,11.0
21007 - RHIN DANUBE (BOULOGNE BILLANCOURT),52,40,48.8406492986,2.22797877475,
19125 - LEDIT DE NANTES,30,2,48.888790026799995,2.37850015614,19.0
20119 - SQUARE DE MENILMONTANT,25,0,48.870136458699996,2.39669061288,20.0
20006 - PYRÉNÉES - PLAINE,12,0,48.85028528059998,2.40629610782,20.0
18040 - CHAPELLE MARX DORMOY,23,4,48.884570063199995,2.36021557266,18.0
19105 - PORTE BRUNET,17,3,48.8836592109,2.39571950819,19.0
17107 - BERTHIER STUART MERRIL,36,3,48.88591312829998,2.293234151070001,17.0
13151 - GARE D'AUSTERLITZ,55,51,48.84151,2.36543,13.0
03003 - TURENNE BRETAGNE,32,11,48.862132235,2.36495138689,3.0
07023 - BOURDONNAIS TOUR EIFFEL,60,29,48.860897797899966,2.29559959845,7.0
12033 - SAINT EMILION,66,64,48.83350833249998,2.3861331687,12.0
21009 - LECORBUSIER (BOULOGNE-BILLANCOURT),46,44,48.83799829529998,2.24084666482,
16010 - BELLES FEUILLES,23,3,48.86585549639999,2.28285990898,16.0
16005 - POINCARE VICTOR HUGO,25,0,48.870306124399995,2.28507454142,16.0
21303 - ILES (ISSY LES MOULINEAUX),31,28,48.823450547,2.24966529829,
21021 - PARADIS (BOULOGNE-BILLANCOURT),40,0,48.833174958899974,2.257005867300001,
17016 - BROCHANT,21,2,48.88818698579999,2.31686114315,17.0
11002 - ROQUETTE THIERE,23,16,48.85510629539999,2.37342454193,11.0
10036 - AQUEDUC,29,2,48.883843265699994,2.367110644029999,10.0
05008 - ST GERMAIN-DANTE,20,17,48.850977229799994,2.34607682591,5.0
01026 - COLONEL DRIANT,31,2,48.863430501899984,2.340169767019999,1.0
41302 - CHARLES DE GAULLE (NOGENT),50,5,48.836481129199996,2.47946426871,
15008 - SEVRES LECOURBE,62,41,48.84483801919996,2.31108550609,15.0
07018 - SEGUR ESTREES,18,0,48.851294334599984,2.309747615600001,7.0
10012 - VINAIGRIERS,24,7,48.8732678412,2.35932361343,10.0
01009 - PONT NEUF - 14,24,17,48.86024519449999,2.34433354527,1.0
08012 - CLICHY,47,8,48.88331804439998,2.32620717539,17.0
03012 - GAITE LYRIQUE,24,2,48.86749798939998,2.35366081625,3.0
05010 - SAINT MICHEL HENRI BARBUSSE,15,4,48.843756981300004,2.339306721979999,5.0
09022 - LAFITTE ROSSINI,33,4,48.87334627509997,2.3379808677,9.0
11030 - SAINT MAUR OBERKAMPF,22,3,48.8653079842,2.37601991202,11.0
23001 - COUTURIER 1 (LEVALLOIS),35,0,48.8936146525,2.27761872722,
19014 - LORRAINE,18,1,48.8863350826,2.38246120056,19.0
20036 - MENILMONTANT - PELLEPORT,19,0,48.8706826338,2.39895960233,20.0
15067 - DESAIX,12,6,48.852804604899994,2.29307702986,15.0
18114 - LEPIC VERON,21,0,48.885257971300014,2.33461773564,18.0
19029 - SEINE FLANDRE,18,3,48.886798811799984,2.3747195168,19.0
21003 - JAURES 1 (BOULOGNE-BILLANCOURT),23,7,48.84563813879998,2.237011471339999,
13053 - CHEVALERET TOLBIAC,21,15,48.8294101346,2.37593455801,13.0
13118 - PATAY REGNAULT,63,37,48.824342856899975,2.37606009169,13.0
17105 - PALADINES,41,2,48.883498081899994,2.282015589629999,17.0
13008 - ITALIE ROSALIE,53,5,48.831996369200006,2.3548094727,13.0
21110 - VILLENEUVE (CLICHY),35,11,48.90550311449998,2.31082038171,
15010 - CAMBRONNE,59,21,48.847575321499995,2.302863100500001,15.0
09012 - ROUGEMONT,30,3,48.8715422136,2.3458364556,9.0
02015 - OPERA - CAPUCINES,31,8,48.870508937199986,2.33405446194,2.0
14004 - PORT ROYAL COCHIN,23,1,48.838431825499974,2.340794666869999,14.0
06013 - JACQUES CALLOT,28,27,48.85525468780001,2.33753933406,6.0
43401 - GARE RER (JOINVILLE),45,42,48.81995410119998,2.464025504699999,
11025 - FROMENT BREGUET,48,4,48.85704145049998,2.37289470307,11.0
10023 - VERDUN,14,4,48.876156054299976,2.36091490832,10.0
20115 - PORTE DE BAGNOLET,20,1,48.864423648599995,2.410411115840001,20.0
09039 - CHAUSSEE D'ANTIN,28,6,48.87243,2.33359,9.0
08039 - COLISEE,24,2,48.87048193859997,2.30766254015,8.0
12105 - BERCY VILLOT,35,33,48.841907153300006,2.37660562531,12.0
16023 - RUE DE PASSY,33,6,48.85838125289999,2.28412901289,16.0
16121 - SABLONS MAILLOT,33,7,48.878720891799986,2.27056809721,16.0
07101 - SEVRES BABYLONE,54,14,48.852241617699995,2.32660601948,7.0
32006 - EGLISE SAINT JUSTE (SAINT DENIS),38,4,48.908586716999984,2.35848245779,
14023 - MALAKOFF PINARD,49,1,48.82365348029999,2.30776682559,
19041 - PYRÉNÉES,42,4,48.874349136499994,2.386095374,19.0
11046 - VOLTAIRE,18,9,48.86681,2.36547,11.0
07015 - VARENNE,47,5,48.85729011850002,2.31530968318,7.0
16024 - KENNEDY RANELAGH,22,21,48.8529331605,2.28043971999,16.0
15109 - CEVENNES,29,5,48.84244145219999,2.28107075522,15.0
05004 - SAINT JACQUES VAL DE GRACE,19,1,48.841865956499994,2.34120202666,5.0
18110 - DEPARTEMENT,17,3,48.886665624699994,2.361519337939999,18.0
03014 - GRENIER SAINT LAZARE,31,19,48.86306283269999,2.35283938072,3.0
12035 - MADAGASCAR,33,22,48.8347058597,2.397111552650001,12.0
07024 - AVENUE RAPP,31,7,48.85816904349998,2.30052833004,7.0
23008 - REPUBLIQUE (LEVALLOIS),25,0,48.89319467539999,2.28891416006,
18031 - ALBERT KAHN,46,4,48.8957969798,2.34558558413,18.0
12023 - SAHEL,67,16,48.8407622776,2.410523440829999,12.0
13002 - ARAGO - GLACIERE,30,3,48.83493139999998,2.3447341,13.0
20103 - LE VAU BERTEAUX,25,0,48.86803439039998,2.41103061245,20.0
07026 - PLACE DE FINLANDE,25,8,48.86269,2.31138,7.0
44102 - VERDUN (SAINT MAURICE),25,7,48.82217580489998,2.42150447606,
22008 - DE GAULLE (NEUILLY),27,1,48.882951625400004,2.26513500874,
04001 - NOTRE DAME,32,32,48.853984144399995,2.34938004529,4.0
20024 - GAMBETTA - PÈRE LACHAISE,29,0,48.864295696199996,2.39822866728,20.0
16020 - PORTE DE PASSY,35,1,48.85738212799999,2.264277072080001,16.0
21706 - BLEUZEN (VANVES),48,4,48.82330323409999,2.29650634355,
04019 - BEAUBOURG SAINT MERRY,32,31,48.858828988199996,2.35189147062,4.0
31005 - PARIS 2  (MONTREUIL),44,0,48.85628451619998,2.42643449061,
13123 - BNF - QUAI FRANÇOIS MAURIAC,42,40,48.834839238099995,2.376330569389999,13.0
20005 - RUE DE LAGNY SAINT MANDE,19,0,48.84926604359999,2.41233032884,20.0
15005 - PLACE TREFOUEL,42,2,48.842650804599984,2.31272739021,15.0
31703 - CARNOT (BAGNOLET),27,0,48.875266998399965,2.42364949052,
05023 - PLACE JUSSIEU,24,3,48.845616878499996,2.3557455,5.0
41602 - DIGEON (SAINT MANDE),32,28,48.84354695990001,2.41831747657,
03002 - SAINT GILLES,18,12,48.858158956800004,2.3647149921,3.0
07002 - VANEAU,35,6,48.84857760759999,2.32041739312,7.0
35007 - DELESSERT (PANTIN),21,15,48.893943713199995,2.418029659690001,
21306 - LAFAYETTE (ISSY LES MOULINEAUX),62,14,48.829743387699985,2.263816341550001,
19113 - PRE ST GERVAIS,27,0,48.87792341189999,2.39598555362,19.0
16039 - VERSAILLES EXELMANS,46,9,48.840962952599995,2.264394118079999,16.0
13039 - IVRY POINTE D'IVRY,17,4,48.82321968319999,2.36546962811,13.0
13054 - PAU CASALS,54,44,48.83124496839999,2.377263236880001,13.0
32606 - GARDE CHASSE (LES LILAS),25,0,48.88324025159998,2.418912369650001,
22405 - NORD (MALAKOFF),25,1,48.81933915839998,2.30047686505,
21109 - GUICHET (CLICHY),18,2,48.90513700399999,2.30250316058,
12008 - HECTOR MALOT,54,49,48.846815132299994,2.37692936059,12.0
16011 - VICTOR HUGO RUE DE LA POMPE,39,0,48.868108886899996,2.28147752242,16.0
09028 - MONCEY BLANCHE,18,2,48.88015398589999,2.33107516002,9.0
12014 - NATION,66,47,48.847301799999975,2.39552056486,12.0
13032 - MASSENA,26,3,48.81989461809999,2.35943293847,13.0
16041 - VERSAILLES,43,5,48.84021933809999,2.26383419115,16.0
06032 - RENNES SABOT,26,23,48.85255742169999,2.331647722909999,6.0
13006 - SAINT MARCEL JEANNE D'ARC,41,19,48.8381516081,2.35710844956,13.0
18035 - PORTE MONTMARTRE,37,25,48.89913599009997,2.33689345356,18.0
17115 - PORTE DE SAINT OUEN,27,1,48.8987600807,2.329558517450001,18.0
20007 - BUZENVAL,50,3,48.851617205,2.40151359731,20.0
42001 - VANZUPPE-PAUL VAILLANT COUTURIER (IVRY),22,19,48.82057,2.3952015,
14007 - SAINT JACQUES FERRUS,34,18,48.831366680000016,2.34081188215,14.0
01024 - LOUVRE COQ HERON,20,13,48.86377283199998,2.34270756198,1.0
02013 - RICHELIEU DROUOT,17,4,48.87144635389999,2.33829010585,2.0
15072 - PLACE FERNAND FOREST,32,27,48.849271,2.281849,15.0
13029 - ITALIE,40,2,48.82903204069997,2.35618336918,13.0
13114 - NATIONALE DUCHAMP (PROP 1),22,0,48.824810840799984,2.36773548985,13.0
15017 - PROCESSION,21,0,48.83633386179998,2.31046623803,15.0
21304 - BLUM (ISSY LES MOULINEAUX),20,20,48.82095510789998,2.26073641335,
11105 - REPUBLIQUE PARMENTIER,50,0,48.864541626799976,2.37519519672,11.0
05006 - SAINT JACQUES SOUFFLOT,13,4,48.846516920599974,2.343123803370001,5.0
18009 - LEPINE,22,2,48.886114668,2.356855627529999,18.0
22401 - DE GAULLE (MALAKOFF),53,2,48.82252830599998,2.29863165412,
13514 - GARE D'AUSTERLITZ 2,19,17,48.841836173600015,2.36346863686,13.0
12034 - PIROGUES DE BERCY,48,48,48.83230838939999,2.38637027857,12.0
04016 - LOBAU,60,60,48.85624672170002,2.35328134461,4.0
18049 - PTE D'AUBERVILLIERS,68,29,48.898452173299965,2.36960946334,18.0
20014 - CHARONNE - ALEXANDRE DUMAS,33,4,48.855994019999976,2.39490886,20.0
22406 - MOQUET (MALAKOFF),23,4,48.815249854199976,2.29800015658,
42009 - VERDUN (IVRY),50,0,48.80725928059999,2.37513019905,
00909 - PONT D'ARCOLE (STATION MOBILE),20,9,48.855843,2.3507829,4.0
16129 - BOIS DE BOULOGNE / PORTE DE LA MUETTE 1,42,16,48.862081866999986,2.26174638604,16.0
31012 - CARNOT (MONTREUIL),25,4,48.855810310999985,2.44152044245,
11041 - SAINT AMBROISE,37,5,48.86082070609998,2.37563652587,11.0
20048 - BAGNOLET,28,5,48.859777644499985,2.40344426132,20.0
14026 - PLANTES MOULIN VERT,45,1,48.83014719579998,2.32331344598,14.0
16040 - EXELMANS,33,3,48.84310449470001,2.25982139174,16.0
10041 - CHARTRES (18 ARR.),14,0,48.88414119399999,2.35610946588,10.0
21108 - VILLENEUVE 2 (CLICHY),50,28,48.90362101219999,2.306228565729999,
20104 - RUE LOUIS LUMIÈRE,22,1,48.862161980699995,2.41112578186,20.0
10110 - LOUIS BLANC,31,2,48.87933217469999,2.368628715749999,10.0
20118 - ORTEAUX MOURAUD,23,1,48.85558642849998,2.40876290776,20.0
15110 - PLACE ROBERT GUILLEMARD,23,18,48.8362103615,2.281039381009999,15.0
05106 - CUJAS,19,2,48.8481913486,2.34183165485,5.0
31709 - MARCEL (BAGNOLET),23,1,48.85705039469999,2.42254995671,
17006 - GUY MOQUET DAVY,37,1,48.8920640862,2.32329134121,17.0
08020 - METRO ROME,44,0,48.8821489456,2.31986005477,17.0
01022 - RUE DE LA PAIX,37,10,48.8682170168,2.3304935114,1.0
07007 - MUSÉE D'ORSAY,65,8,48.85971010439999,2.32580902463,7.0
33006 - KARMAN (AUBERVILLIERS),29,0,48.910143670999986,2.38505201824,
05005 - SAINT JACQUES GAY LUSSAC,24,2,48.844730256099986,2.34192394487,5.0
11029 - MENILMONTANT OBERKAMPF,40,6,48.86661765869999,2.38301344042,11.0
19019 - PETIT HONNEGER,22,1,48.886389634899984,2.39363751443,19.0
14113 - ARAGO 2,37,4,48.83512886499999,2.34157863456,14.0
22005 - DE GAULLE 3 (NEUILLY),22,5,48.88429892939998,2.260991772100001,
19038 - JOURDAIN,19,0,48.87555039479998,2.38903816085,19.0
15040 - MONCLAR,36,2,48.83411714780001,2.30885001547,15.0
11038 - TEMPLE REPUBLIQUE,45,13,48.865745077100016,2.36531295078,11.0
00901 -PORT SOLFERINO (STATION MOBILE),20,2,48.86138,2.32442,7.0
15064 - JAVEL,45,40,48.846294918299996,2.27841391259,15.0
13021 - BOUSSINGAULT - TOLBIAC,47,37,48.82603516609999,2.342176808,13.0
34002 - PERI (SAINT OUEN),26,5,48.90259224159999,2.330513564839999,
15062 - BOUCICAUT,36,24,48.8421443316,2.28586265594,15.0
11113 - REPUBLIQUE FERRY,56,2,48.86651607979999,2.36932253041,11.0
10040 - BELLEVILLE,32,0,48.87277815650001,2.376348394649999,19.0
13026 - PLACE HENOCQUE VERSION 2,34,16,48.8233161722,2.35433694417,13.0
10008 - CITE RIVERIN,18,3,48.870764981899974,2.358724462270001,10.0
06015 - MAZET SAINT ANDRE DES ARTS,54,28,48.85375107349997,2.3391137229,6.0
11043 - CIRQUE D HIVER,21,11,48.86265030009999,2.367053490450001,11.0
05024 - PLACE MONGE,21,7,48.84273504299999,2.35247243722,5.0
42504 - MALON (GENTILLY),30,0,48.814440179599984,2.34107065417,
14029 - GERGOVIE VERCINGETORIX,52,1,48.83425924989998,2.31339164711,14.0
12151 - GARE DE LYON,60,56,48.8455150898,2.37264984463,12.0
08025 - MIROMESNIL,33,3,48.8737604721,2.31587630835,8.0
16030 - MIRABEAU,55,54,48.84766571,2.273556264969999,16.0
15049 - PORTE DE VERSAILLES,23,9,48.832179444299975,2.28712226198,15.0
18027 - DAMREMONT ORDENER,28,6,48.89340039299998,2.33626652391,18.0
06020 - SAINT MICHEL DANTON,35,33,48.852930410599974,2.34265739289,6.0
11017 - ALEXANDRE DUMAS,46,4,48.8541760404,2.396093495320001,11.0
20133 - RASSELINS,27,1,48.85352868589999,2.40961536278,20.0
11001 - BASTILLE RICHARD LENOIR,54,51,48.853848226199986,2.36970148822,11.0
09009 - SQUARE MONTHOLON,21,7,48.87660117139998,2.3457855168,9.0
00905 - CONCORDE/BERGES DE SEINE (STATION MOBILE),20,7,48.863147,2.316318,7.0
05018 - MUTUALITE,37,37,48.848385764699984,2.35016993902,5.0
04107 - BEAUMARCHAIS,18,14,48.85550135769999,2.368429069929999,4.0
05013 - ULM ERASME,20,0,48.842547949699984,2.34459664993,5.0
20110 - PORTE DES LILAS,20,0,48.8754124219,2.40596033115,20.0
11012 - MONTREUIL VOLTAIRE,33,5,48.8505070118,2.39307555827,11.0
35001 - JAURES 1 (PANTIN),26,0,48.910137095100005,2.39932563331,
02101 - BACHAUMONT,33,12,48.866067150099994,2.345463652699999,2.0
17025 - COURCELLES,35,1,48.87943037549999,2.30346740669,17.0
12006 - QUAI DE LA RAPEE - GARE DE LYON,52,26,48.8439658,2.3703793,12.0
15070 - BLANC,36,7,48.838633871499994,2.27827419306,15.0
04014 - ARCHIVES BLANCS MANTEAUX,30,29,48.85940271959998,2.35592748654,4.0
32008 - EMGP-GARDINOUX (AUBERVILLIERS/ST-DENIS),35,3,48.906023,2.366039,
18030 - SIMPLON,38,1,48.8937342775,2.3475179666,18.0
43005 - AUBERT (VINCENNES),49,12,48.84755043629999,2.43343260792,
13045 - TOLBIAC ALBERT,20,2,48.827838032599985,2.37053056386,13.0
15069 - BOUCICAUT FAURE,46,40,48.84124933599999,2.28838660085,15.0
05027 - GOBELINS,40,25,48.83712603859999,2.35143332977,5.0
20116 - HAIES REUNION,22,3,48.85386896769998,2.40242616224,20.0
19111 - ROSA PARKS – GARE RER E,40,0,48.89723954639999,2.37504277378,19.0
15030 - LINOIS,33,32,48.84804578629997,2.284380633700001,15.0
11020 - CHARONNE,36,8,48.856317178,2.38307245237,11.0
17007 - NAVIER,34,2,48.895914117500006,2.32272736705,17.0
13023 - BOBILLOT VERLAINE,26,2,48.82860289079999,2.353034582949999,13.0
15107 -  PALAIS DES SPORTS,43,43,48.833573618200006,2.28548042092,15.0
08002 - GARE SAINT LAZARE - COUR DU HAVRE,46,21,48.87572,2.32668,8.0
11042 - OBERKAMPF,47,4,48.864649419899976,2.36926143826,11.0
14108 - JOURDAN LE BRIX ET MESNIN,21,0,48.82234096589999,2.3278616533,14.0
09002 - MAUBEUGE CONDORCET,15,1,48.87922337059998,2.34914749354,9.0
11019 - CHARONNE PHILIPPE AUGUSTE,32,10,48.85560316199999,2.39054639062,11.0
05022 - CARDINAL LEMOINE,17,2,48.8462950317,2.35222292161,5.0
10009 - HITTORFF,17,10,48.8720836089,2.35766368562,10.0
14036 - BOULARD DAGUERRE,43,0,48.83439079699997,2.329303946550001,14.0
10111 - JEMMAPES,21,3,48.87346279869998,2.36403505925,10.0
19022 - MEAUX - SECRETAN,23,4,48.88135484329996,2.373331189160001,19.0
09014 - FAUBOURG MONTMARTRE,34,2,48.8753297232,2.34077266233,9.0
19006 - MATHIS,55,4,48.890678129399994,2.37614246886,19.0
42703 - FONTAINEBLEAU (KREMLIN BICETRE),45,0,48.80958233799998,2.3626835099,
15033 - VIOLET,48,34,48.84479039029998,2.29054156015,15.0
19035 - PORTE CHAUMONT,21,0,48.885733299900004,2.39784641538,19.0
19001 - OURCQ CRIMEE,56,5,48.89410414029999,2.37294608847,19.0
20047 - COURS DE VINCENNES BD DAVOUT,48,0,48.84733105309999,2.410390008199999,20.0
15026 - BIR HAKEIM,32,25,48.85384405429999,2.28970534822,15.0
17033 - CARNOT,32,3,48.87553842110002,2.29373210017,17.0
10006 - PETITES ECURIES,28,5,48.8729397678,2.35403448428,10.0
18026 - RUISSEAU ORDENER,33,2,48.892895283999984,2.34011963244,18.0
14001 - EDGAR QUINET,27,5,48.841156216499996,2.324448789519999,14.0
12021 - COURTELINE,50,8,48.84437319369998,2.410972451670001,12.0
03004 - REPUBLIQUE 23,18,12,48.86707,2.36351,3.0
11004 - CHARONNE SAINT ANTOINE,32,31,48.852255290000016,2.374027235609999,11.0
42503 - LENINE (ARCUEIL/GENTILLY),30,0,48.81274619999997,2.3316847,
15034 - COMMERCE,55,48,48.84442591949999,2.29404143328,15.0
23010 - VOLTAIRE (LEVALLOIS),25,0,48.89196232899999,2.28420499011,
09017 - TRUDAINE MARTYRS,29,0,48.88103214899999,2.34077441212,9.0
12026 - PARC DE BERCY,36,34,48.837721459,2.38221733705,12.0
11045 - SAINT SEBASTIEN FROISSARD,42,28,48.8612050519,2.3673523288,11.0
10014 - BEAUREPAIRE,56,30,48.871662661999984,2.36393331138,10.0
12113 - CARDINAL LAVIGERIE,46,34,48.832934193699984,2.4026367494,12.0
17030 - RENNEQUIN PEREIRE,23,2,48.883639153899985,2.29515206745,17.0
10017 - GARE DE L'EST SAINT LAURENT,13,3,48.87457503679999,2.356796765199999,10.0
11035 - GONCOURT,53,4,48.86946960530001,2.37153681066,11.0
18101 - CHAMPIONNET,22,1,48.895470370400005,2.34986545092,18.0
14035 - MAINE GAITE,48,0,48.837883627800004,2.32255164002,14.0
20039 - COURONNES,48,0,48.86894064289999,2.3812826011,20.0
08052 - WASHINGTON,30,15,48.872882990999976,2.29997293264,8.0
10152 - GARE DU NORD 2,25,0,48.8790493108,2.35415909596,10.0
15031 - THEATRE,53,47,48.84817034139998,2.28990664646,15.0
13055 - LAGROUA,61,15,48.8285952839,2.38022060627,13.0
10025 - ECLUSES SAINT MARTIN,15,2,48.877420343099985,2.36601144898,10.0
01016 - OPERA PYRAMIDES,25,22,48.86648351449998,2.33443342122,1.0
01102 - FRANCAISE – MAUCONSEIL,37,18,48.864065046899974,2.34759791272,1.0
20131 - REPOS,33,7,48.85935852360002,2.38961313668,20.0
01010 - PONT NEUF,25,24,48.85946238919997,2.34436612845,1.0
02003 - ALLEE PIERRE LAZAEFF,31,5,48.86614574650001,2.35084459529,2.0
16103 - TRAKTIR,20,15,48.872799156,2.29150817943,16.0
06027 - VAUGIRARD DESGOFFE,31,11,48.8461298915,2.32424057814,6.0
12120 - CONSERVATION,50,15,48.82772523699997,2.41827234237,12.0
13042 - NATIONALE BACH,36,13,48.830957464099995,2.36410705325,13.0
09030 - VICTOIR CHAUSSEE D ANTIN,44,9,48.87518586419999,2.332036313370001,9.0
12027 - MONTGALLET CHARENTON,16,15,48.84264777869997,2.38616492781,12.0
05019 - POISSY,25,21,48.8496904114,2.352970183600001,5.0
01001 - ILE DE LA CITE PONT NEUF,16,16,48.857091635199986,2.34174799516,1.0
18044 - CLICHY,32,20,48.884127108,2.32880709819,9.0
19018 - CITÉ DE LA MUSIQUE,60,20,48.8887860708,2.39268612207,19.0
34010 - DIDEROT 2 (SAINT OUEN),50,0,48.911570459299995,2.333910127129999,
15038 - PLACE ADOLPHE CHERIOUX,66,0,48.839635080600004,2.30065445929,15.0
20043 - CHARONNE AVRON,27,1,48.85160266519999,2.398403047039999,20.0
21207 - VERDIER (MONTROUGE),29,3,48.81552963369999,2.317029863730001,
18006 - MARCHE ST-PIERRE,33,1,48.88469160639999,2.344139285949999,18.0
04015 - MAIRIE DU 4 EME,45,42,48.85596585619998,2.35638115487,4.0
35009 - LOLIVE 1 (PANTIN),22,3,48.89213940929999,2.409107737699999,
10004 - METZ,72,16,48.87089342599998,2.353521565009999,10.0
02010 - BOULEVARD MONTMARTRE,30,2,48.870775757299995,2.34316333439,2.0
11040 - TEMPLE JEAN PIERRE TIMBAUD,36,26,48.86442014169997,2.36613637425,11.0
14117 - MOUCHOTTE,39,2,48.83932502509999,2.320954125729999,14.0
01002 - PLACE DU CHATELET,21,16,48.857940092999975,2.34701005811,1.0
08005 - MADELEINE,37,34,48.869090088300005,2.324429630500001,8.0
05003 - GAY LUSSAC LE GOFF,35,2,48.84623928169999,2.34132491601,5.0
11037 - FAUBOURG DU TEMPLE PLACE DE LA REPUBLIQUE,38,12,48.868,2.36498,10.0
31706 - CHATEAU (BAGNOLET),25,4,48.86302549230001,2.41562220418,
16123 - MAHATMA GANDHI,25,18,48.876356,2.264205,16.0
12002 - LACUEE,16,14,48.84921586259999,2.37050342387,12.0
15009 - SUFFREN,46,4,48.8471756149,2.3070521476,15.0
12036 - REUILLY,42,11,48.840302744999974,2.39463039872,12.0
08001 - PETIT PALAIS,41,3,48.86684380329999,2.31577971341,8.0
03101 - PORTE SAINT MARTIN,34,8,48.86863640499998,2.35559159278,3.0
13122 - PARC DE CHOISY,25,0,48.828156251599985,2.3585135329,13.0
15061 - DESNOUETTES,22,19,48.83476837930001,2.28414229739,15.0
14122 - BRUNE,19,1,48.82650293309998,2.30927479983,14.0
07003 - BON MARCHE,59,40,48.85123038029998,2.32507003874,7.0
12030 - WATTIGNIES,33,30,48.83667579639996,2.39179585556,12.0
00908 - PORT DU GROS CAILLOU (STATION MOBILE),20,16,48.862905,2.306366,7.0
21310 - KLEBER (ISSY LES MOULINEAUX),24,18,48.82692976739998,2.27225043196,
10002 - STRASBOURG,17,4,48.869679124499996,2.35432769738,10.0
11013 - NATION VOLTAIRE,46,9,48.849276638199996,2.39493447775,11.0
18038 - ROND POINT DE LA CHAPELLE,49,4,48.895219904699985,2.3600976191,18.0
08017 - ROCHER,64,20,48.876079329199975,2.32273156205,8.0
08103 - D'ARTOIS BERRY,23,9,48.87379431839998,2.306299550269999,8.0
02009 - BOURSE,59,5,48.86885168939998,2.33973140109,2.0
11021 - PHILIPPE AUGUSTE (20EME ARR.),23,12,48.8584450543,2.39039812239,20.0
08036 - RIO,39,2,48.8774556768,2.30969422142,8.0
19017 - PARC DE LA VILLETTE,34,4,48.888368942000014,2.39099165938,19.0
18032 - PORTE DE CLIGNANCOURT,32,14,48.897488459699986,2.34399649934,18.0
04003 - PONT SAINT LOUIS,21,21,48.852944887899994,2.352088649440001,4.0
18010 - MARX DORMOY - RIQUET,29,9,48.89026411,2.36029911,18.0
15060 - MONDRIAN,21,21,48.844292865599996,2.2773458971,15.0
12003 - QUAI DE LA RAPEE,69,35,48.8458869464,2.36689679377,12.0
20105 - GAUMONT,30,18,48.85255339269998,2.41554237211,20.0
15125 - AQUABOULEVARD,50,28,48.83321982299999,2.27663033405,15.0
19033 - CAMBRAI,44,10,48.89594736849999,2.38113380225,19.0
00903 - QUAI MAURIAC  / PONT DE BERCY,20,15,48.8371336895,2.37434055461,13.0
16105 - CREVAUX,31,0,48.87080942869999,2.28114900769,16.0
13024 - BOBILLOT TOLBIAC,33,4,48.82552586189999,2.350205084969999,13.0
09016 - MARTYRS CHORON,17,3,48.87777069529998,2.33978496751,9.0
23009 - FRANCE (LEVALLOIS),50,0,48.88876277770002,2.288136014379999,
19003 - QUAI DE SEINE,25,5,48.88431618059999,2.369829579570001,19.0
15020 - MAIRIE DU 15EME,32,17,48.84170964019998,2.29854929401,15.0
13014 - GARE D'AUSTERLITZ,14,10,48.84252449080002,2.36404495866,13.0
20109 - SURMELIN HAXO,21,0,48.869437076099985,2.40539657538,20.0
07103 - BELGRADE,20,4,48.85605931010001,2.30223912888,7.0
15006 - CHERCHE MIDI,36,11,48.844703,2.317819,15.0
35011 - D'ORVES (PANTIN),18,1,48.89048461619999,2.40649821383,
04007 - BOURDON,36,34,48.85255711739999,2.36824071942,4.0
11031 - PARMENTIER,39,4,48.86455576529998,2.37307150739,11.0
19021 - MAIRIE DU 19 EME,25,2,48.882591466699985,2.38122061029,19.0
10039 - SAMBRE ET MEUSE,24,1,48.8744056662,2.373807238,10.0
11036 - JULES FERRY FAUBOURG DU TEMPLE,58,6,48.868410104799985,2.367841497239999,11.0
03006 - MAIRIE DU 3EME,34,8,48.86453080529999,2.36157981521,3.0
02002 - MONTORGUEIL ETIENNE MARCEL,28,14,48.86458237749999,2.346282111669999,2.0
16111 - HELIE,32,1,48.85940308189998,2.276522089030001,16.0
14014 - STADE CHARLETY,60,3,48.81940130489998,2.34337661053,14.0
33005 - REPUBLIQUE 2 (AUBERVILLIERS),32,11,48.90638339809999,2.38954750193,
15106 - GRENELLE VIOLET (PROP3),67,35,48.849921101900016,2.29466057588,15.0
13043 - DUNOIS CLISSON,51,16,48.83227245859999,2.36741586675,13.0
16007 - LONGCHAMP,39,1,48.864910448599986,2.292519101,16.0
23007 - WILSON (LEVALLOIS),25,5,48.89038026539996,2.29216048217,
13104 - GARE D'AUSTERLITZ,27,25,48.843790477300004,2.36558566558,13.0
21203 - BRIAND (MONTROUGE),28,2,48.812510908200004,2.32568062304,
05009 - SQUARE VIVIANI,16,15,48.8516511794,2.34746333452,5.0
18047 - ST OUEN LAMARCK,31,1,48.89108304030001,2.32673569484,17.0
19007 - OURCQ-FLANDRES,30,3,48.89270999209997,2.37919974802,19.0
08011 - DUBLIN,16,0,48.88093535679998,2.32451663515,8.0
12022 - BIZOT,33,20,48.8408998138,2.40438010296,12.0
09003 - PLACE BARBÈS,25,1,48.88365319719998,2.34904085503,9.0
11016 - PHILIPPE AUGUSTE,46,1,48.8518182,2.39325537631,11.0
19102 - BELLEVILLE RAMPAL,15,1,48.8731526239,2.379855610629999,19.0
00904 -17/19 PLACE JOFFRE / ECOLE MILITAIRE,30,23,48.852180899999986,2.3019186,7.0
15012 - MADEMOISELLE,67,17,48.84327733,2.30230766886,15.0
10038 - COLONEL FABIEN,28,3,48.87752002849997,2.36979124508,10.0
01004 - MARGUERITE DE NAVARRE,42,41,48.85989631439999,2.34675666755,1.0
20034 - SORBIER - MÉNILMONTANT,24,1,48.8685264711,2.38979540954,20.0
04021 - BEAUBOURG RAMBUTEAU,26,20,48.86141907219998,2.35258144286,4.0
05001 - SAINT GERMAIN HARPE,43,35,48.85158134,2.34370453672,5.0
08007 - HAUSSMANN ROME,30,24,48.8742300556,2.32557011172,8.0
34004 - VOLTAIRE (SAINT OUEN),25,0,48.90249976049997,2.34224814466,
08038 - FRANCOIS 1 ER,28,4,48.86688765,2.30667557572,8.0
16003 - ANDRE MAUROIS,29,4,48.877930817199996,2.27895982497,16.0
12037 - DAUMESNIL,40,31,48.83948540269999,2.39721237629,12.0
04010 - SAINT PAUL PAVÉE,26,21,48.855023998999975,2.36120353876,4.0
07017 - LA TOUR MAUBOURG,39,17,48.857276498299996,2.31025792753,7.0
18007 - GOUTTE D' OR,18,1,48.88519800939999,2.34994199169,18.0
13052 - TOLBIAC LERREDE,43,26,48.828974744300005,2.374332000859999,13.0
14018 - PORTE D'ORLEANS,47,8,48.82285750169999,2.32504267092,14.0
15063 - SAINT CHARLES - CONVENTION,19,6,48.84329535889999,2.28320900002,15.0
15023 - LA MOTTE PIQUET,34,27,48.84865631589998,2.29924407695,15.0
20001 - PLACE DE LA NATION,36,15,48.8483646678,2.399762385979999,20.0
05030 - SORBONNE,50,38,48.84977037059998,2.34357357573,5.0
10011 - BOURSE DU TRAVAIL,17,6,48.86909174870001,2.36226176181,10.0
11007 - FAIDHERBE PALAIS DE LA FEMME,63,56,48.853289319,2.3830411772,11.0
14003 - RASPAIL SCHOELCHER,47,2,48.836850815799984,2.33130360086,14.0
13102 - LA PITIE-SALPETRIERE,50,27,48.83742,2.36506,13.0
07005 - BAC,52,5,48.855461736,2.32568193589,7.0
19110 - MACDONALD,30,24,48.89869,2.3755,19.0
13013 - SAINT MARCEL,21,19,48.83950442460001,2.360989417019999,13.0
12115 - PORTE DE VINCENNES,33,12,48.8464193693,2.41563660715,12.0
16014 - AVENUE D EYLAU,24,3,48.86354640340001,2.286394496929999,16.0
19010 - PORTE DE LA VILLETTE,22,20,48.901164113399986,2.38859073387,19.0
18004 - ABBESSES,13,2,48.8844823927,2.33881229703,18.0
17022 - PLACE DE WAGRAM,45,4,48.88707060759998,2.30411112453,17.0
04006 - BASSIN DE L'ARSENAL,53,53,48.847725125699995,2.36593915313,4.0
17024 - VILLIERS,12,1,48.881208332799986,2.316449640800001,8.0
20033 - ETIENNE DOLET,31,3,48.86804941020001,2.38513309762,20.0
08110 - STOCKOLM ROME,32,4,48.87711191879999,2.32232932087,8.0
15003 - GARE DE MONTPARNASSE,67,47,48.84180717989999,2.3195100269,15.0
01025 - TEMPLE DE L'ORATOIRE,18,16,48.86138946829998,2.34005523282,1.0
15029 - EMERIAU,53,50,48.8506147509,2.28725016347,15.0
19004 - QUAI DE LA LOIRE,16,5,48.88339733849997,2.37107452298,19.0
42208 - PARIS 4 (CHARENTON),23,6,48.82942147170001,2.401648105559999,12.0
18033 - MOSKOWA,33,4,48.8966923878,2.33802345039,18.0
11022 - LEON BLUM ROQUETTE,16,8,48.858001906,2.38179770265,11.0
41102 - RENAN (ARCUEIL),43,14,48.80880039499997,2.33468965466,
07008 - SOLFERINO,16,5,48.85831864689999,2.32383843779,7.0
06014 - PONT DE LODI DAUPHINE,26,14,48.85529689859999,2.33994730757,6.0
12112 - CHARENTON JARDINIER,31,19,48.83382177289998,2.39469266411,12.0
18109 - RIQUET PAJOL,46,3,48.88959697089998,2.362853604260001,18.0
07025 - SUFFREN TOUR EIFFEL,33,32,48.85650297769999,2.29317875433,7.0
07010 - INVALIDES,65,7,48.86076995799998,2.3148382795,7.0
06009 - GUYNEMER LUXEMBOURG,35,34,48.84672098259999,2.332394592929999,6.0
06028 - ODEON QUATRE VENTS,36,34,48.85175137449999,2.338161695130001,6.0
15071 - CHAMP DE MARS COTE 16EME,22,19,48.85485174879998,2.295007913640001,15.0
15052 - CONVENTION,48,36,48.837676822299976,2.29558692602,15.0
06004 - REGARD,44,12,48.8475178294,2.32697330559,6.0
15035 - PLACE ETIENNE PERNET,18,15,48.842458755500004,2.29217354144,15.0
06017 - SENAT CONDE,34,33,48.84958000219998,2.33784843718,6.0
04005 - SULLY MORLAND,14,11,48.85127148209997,2.36243021298,4.0
07013 - PLACE DE BRETEUIL,55,12,48.8475022584,2.31268832866,7.0
08053 - FRIEDLAND,38,4,48.874750204,2.30177143533,8.0
18014 - DOUDEAUVILLE LEON,13,0,48.88832421850001,2.35357337264,18.0
09024 - LAFAYETTE TAITBOUT,53,25,48.873385805399984,2.335296839769999,9.0
03008 - PERLE,18,16,48.85984668319999,2.36105048709,3.0
10037 - VERSION 2 JAURES,25,4,48.881268164,2.36811752799,10.0
05028 - CENSIER BUFFON,55,41,48.841080022,2.35543071424,5.0
42502 - RASPAIL 2 (GENTILLY),30,29,48.81312764789999,2.34679437435,
21004 - JAURES 2 (BOULOGNE-BILLANCOURT),31,15,48.840023256500004,2.23981899697,
16009 - SAINT DIDIER,16,3,48.86643916030001,2.2857459443,16.0
21017 - REPUBLIQUE 1 (BOULOGNE-BILLANCOURT),56,12,48.8334736793,2.243900532079999,
06025 - RENNES - ASSAS,32,6,48.849208499899966,2.32851454623,6.0
01014 - RIVOLI MUSEE DU LOUVRE,25,24,48.86367225539998,2.334057608049999,1.0
18108 - EVANGILE,21,10,48.8950903298,2.36869413984,18.0
02021 - CLERY,43,3,48.867467441500004,2.34452661511,2.0
19043 - PETITS PONTS,51,17,48.89380017099997,2.397910366430001,19.0
18021 - MARCADET - RAMEY,20,2,48.89092238299999,2.34498648211,18.0
22014 - HUGO (NEUILLY),25,3,48.8878010686,2.278072424369999,
11033 - BREGUET SABIN,33,10,48.85687046779999,2.37055463986,11.0
09032 - MATHURINS,40,15,48.872971251899976,2.3294656117,9.0
33011 - FAURE (AUBERVILLIERS),28,7,48.911393688999986,2.37528131997,
12004 - TRAVERSIERE,33,27,48.850735824099985,2.37587011171,12.0
16108 - SABLONS,35,3,48.8638751313,2.28189073658,16.0
06012 - SAINT GERMAIN COPEAU,18,14,48.85330527760001,2.334465461879999,6.0
06031 - SAINT MICHEL SARRAZIN,34,33,48.850833654399985,2.34219822807,6.0
22009 - DE GAULLE 2 (NEUILLY),26,5,48.88119,2.27186,
10013 - SAINT LOUIS,59,12,48.871139949699995,2.36628044397,10.0
33003 - FAURE (AUBERVILLIERS),45,0,48.90396402459999,2.38312549091,
21701 - LARMEROUX (VANVES),28,20,48.816939911300004,2.28098948048,
05020 - PONT DE SULLY RIVE GAUCHE,21,18,48.8491596892,2.356140327479999,5.0
31707 - VAILLANT (BAGNOLET),49,3,48.858395678499996,2.414860628,
01023 - ANDRE MALRAUX MUSEE DU LOUVRE,22,18,48.86349701999998,2.33484632755,1.0
06007 - VAVIN,23,3,48.8427384783,2.329794221759999,6.0
17045 - PLACE DES TERNES - 5,43,2,48.878410386500015,2.29783106471,17.0
13011 - CAMPO FORMIO,15,1,48.835405712999986,2.35821834503,13.0
15055 - VASCO DE GAMA,53,41,48.8367094965,2.28369238081,15.0
12029 - DUGOMMIER,55,44,48.83884902339999,2.38972450812,12.0
14008 - MOUTON DUVERNET,38,0,48.83150667569999,2.329319363220001,14.0
12152 - MICHEL CHASLES - GARE DE LYON,60,52,48.84637555229999,2.373904846609999,12.0
12016 - PICPUS,34,18,48.8451282938,2.401400707670001,12.0
08045 - ALMA,57,3,48.864920982499974,2.30254918239,8.0
04013 - FRANCS BOURGEOIS,27,21,48.85851071299997,2.35863357912,4.0
11110 - SQUARE ROQUETTE,52,7,48.85924297629998,2.38659328921,11.0
08037 - MALSHERBES MONCEAU,37,6,48.87960645719998,2.31455352419,8.0
08115 - BASSANO,21,0,48.87134532710001,2.30018657227,8.0
16036 - PORTE MOLITOR,60,38,48.8452443139,2.256939537400001,16.0
19117 - EURYALE DEHAYNIN,30,8,48.886300051099994,2.37738886313,19.0
20111 - L'ISLE ADAM PYRENÉES,20,0,48.867362297199996,2.39622289099,20.0
19024 - BUTTES CHAUMONT,19,3,48.8779512536,2.38146466288,19.0
12043 - DAUMESNIL HEBRARD,40,38,48.8429,2.38474,12.0
12119 - DOM PÉRIGNON GRAVELLE,50,20,48.82558443109998,2.4098309418,12.0
11006 - LEDRU ROLLIN-BASFROI,37,8,48.856433706899985,2.37902058776,11.0
11024 - BOULEVARD VOLTAIRE,51,15,48.858828908400014,2.37887132712,11.0
41605 - GENERAL DE GAULLE 2 (SAINT MANDE),22,2,48.8360886795,2.41890759472,
16124 - SÈVRES NEUILLY,66,14,48.875095937899985,2.249216988,16.0
15123 - RUE DU COMMERCE,42,32,48.84799219349997,2.29668168569,15.0
05110 - LACEPEDE,23,5,48.8438603532,2.35190222528,5.0
12011 - CHARENTON,36,35,48.84486731959999,2.38257893505,12.0
13110 - MOULIN DE LA POINTE,22,4,48.821039287,2.356345144170001,13.0
07006 - QUAI VOLTAIRE,32,25,48.858942986199985,2.33141820471,7.0
21311 - GAMBETTA (ISSY LES MOULINEAUX),55,47,48.82747050169999,2.278549600819999,
01020 - RIVOLI CONCORDE,40,37,48.86628522119999,2.32524904508,1.0
